# Constructed from biom file																																
#OTU ID	Mouse22.KO.week6	Mouse26.KO.week6	Mouse29.KO.week6	Mouse35.KO.week6	Mouse44.KO.week6	Mouse4.KO.week12	Mouse5.KO.week12	Mouse12.KO.week12	Mouse13.KO.week12	Mouse16.KO.week12	Mouse18.KO.week12	Mouse22.KO.week12	Mouse26.KO.week12	Mouse27.KO.week12	Mouse29.KO.week12	Mouse23.WT.week6	Mouse33.WT.week6	Mouse34.WT.week6	Mouse42.WT.week6	Mouse43.WT.week6	Mouse2.WT.week12	Mouse3.WT.week12	Mouse14.WT.week12	Mouse15.WT.week12	Mouse17.WT.week12	Mouse23.WT.week12	Mouse28.WT.week12	Mouse33.WT.week12	Mouse34.WT.week12	Mouse35.WT.week12	Negative.control1	Negative.control2
5783a18abe7618bc6aa990476d0a8588	2760	2203	1348	2067	3447	5244	6524	18101	14624	21869	19930	13426	1776	21932	420	3646	2071	2936	10139	2986	1762	5492	12617	8045	20024	7535	17662	715	3021	1174	0	0
bc4d1d667b5685e5b610b65a51ad9f80	186	710	3496	8427	5889	979	1627	1537	1768	1064	2629	809	1813	1458	2221	237	7564	5023	14051	4280	3069	559	2216	2862	2222	1409	1224	1422	2688	6339	0	0
bc155870f433323766c86ae536223b58	436	1602	4686	427	999	276	1276	1664	1768	1029	2084	1111	3624	1374	978	238	716	240	2149	604	3642	706	2455	3210	2775	844	1053	333	621	2088	0	0
2fe7ecfddf7d000dc3bc2740ef54b41b	412	2147	4647	329	547	300	1025	1013	1586	691	1844	835	2573	1164	909	0	481	247	1611	469	3060	559	1953	2669	1992	651	1160	270	746	1879	0	0
5d3f753f763b41567d9a850fda944f83	456	311	0	181	390	958	720	2500	2048	3274	2627	1790	177	1705	0	490	0	359	1416	276	280	479	1313	1123	2411	933	2512	0	210	0	0	0
cae3f7c03861aaf0f2e83d56a831b4f5	34	292	113	1475	137	627	122	59	80	11	93	4572	216	25	0	119	1018	1645	318	10	45	38	65	16	153	5010	96	2599	2874	3475	0	0
dbd0a66407d8acde6641775c4dc265e3	439	377	130	140	515	571	452	1834	1305	2003	1941	1000	220	1337	104	205	245	263	1070	367	214	845	1173	891	1790	508	1931	86	0	125	0	0
fc7f1e0df747c1478f016714dc7562bd	36	765	551	0	0	61	3002	385	647	153	523	404	1285	461	69	0	0	12	0	0	217	224	1050	966	362	922	377	0	0	0	0	0
9871af0011653ad244bd3967f1c99716	0	0	8	786	0	23	0	92	178	71	104	0	0	0	1325	0	659	798	0	0	72	0	271	381	378	0	0	1590	1025	1575	0	0
beb20ef494d6232af88af5f79dea8650	247	257	343	36	249	1387	134	0	0	0	0	0	100	0	38	2989	87	296	871	87	22	43	0	0	0	0	0	44	323	92	28	0
af5285c932b171bf7c92fa42313031a1	0	0	151	894	70	0	0	0	0	77	151	0	0	0	317	0	329	702	93	16	0	0	0	0	417	0	0	617	568	1465	0	0
4dbbc2c7f98a6da65a45d1cbbcf059db	0	38	0	313	39	188	40	0	0	0	0	766	62	0	0	0	282	394	0	0	0	0	0	0	0	1154	0	652	621	999	0	0
9bc51a39247c624f567dcdcf15f86230	0	82	0	348	0	108	30	0	0	0	0	978	0	0	11	0	244	372	35	0	0	0	0	0	0	1092	28	633	796	788	0	0
2c38d9d5742202da694d4721608fd637	1191	0	108	0	81	182	0	176	171	0	87	31	234	46	20	967	0	0	211	0	0	1132	18	93	125	0	47	104	23	60	266	0
fa90fe7d42a44bc69a2e097ee933d43b	35	128	696	39	456	53	115	29	30	93	400	103	307	19	189	0	0	0	887	36	32	0	19	0	456	48	28	0	160	281	0	0
b94a8e609e84f35c93506768aac4ec3f	185	112	49	0	105	122	0	0	0	23	49	43	43	0	0	869	42	59	188	0	37	969	0	73	26	41	0	16	0	48	1183	259
8974b6fc7732c11762e09d4b0466c9d5	0	470	0	0	0	24	667	198	304	67	141	0	165	180	878	0	0	0	0	0	193	0	476	432	24	0	64	207	0	26	0	0
78b2826a0945160d3d4c6e3b1b8d48e6	0	131	233	0	0	37	962	135	202	47	135	133	229	195	0	0	0	0	0	0	93	45	506	237	82	198	120	0	0	0	0	0
937e2eccb805c10a4d8cf8de92e7d5ed	0	279	0	0	0	29	556	103	192	56	106	0	89	107	1017	0	0	0	0	0	126	0	310	378	68	0	30	218	0	11	0	0
ad7e9916a0ef7f325c607304b6fb4290	0	123	81	0	0	0	1026	143	121	56	110	204	199	174	31	0	0	0	0	0	73	170	325	137	55	197	96	0	0	0	0	0
d127837f1b6ab3f7bdad8d8d125f0b08	146	5	7	229	0	16	81	0	57	14	66	25	0	293	0	0	58	2114	0	6	13	0	0	8	37	32	42	10	0	0	0	0
c0c4c0d93a725778ecd357e51931e205	46	19	0	34	101	76	8	13	64	41	61	39	211	0	70	262	33	33	108	130	276	114	294	167	15	81	41	184	442	169	0	0
7ef67a902257da24370de0be1fcb53ce	67	0	612	27	248	249	0	0	0	138	205	55	271	0	128	0	0	10	382	52	47	0	0	105	227	0	0	19	59	127	0	0
a3997fbf29cbe083b41e4ed2a8750d1f	59	10	24	10	44	81	121	199	137	266	306	231	28	249	0	46	0	74	175	0	0	14	236	129	244	125	57	0	50	21	0	0
cc2ba8f207d7cf278abd87c0aada1036	10	0	239	422	264	0	0	0	16	0	71	0	552	0	43	0	131	136	286	14	0	40	12	0	0	0	0	0	154	92	0	0
b29c8550b6743108ebda7f81af92a068	162	80	70	0	129	318	0	0	0	0	0	0	44	0	6	829	0	0	0	0	0	179	0	0	0	0	24	0	54	38	209	82
668bab9cbda8f6ed9d666ada39af2bf8	0	0	91	0	0	0	512	0	160	0	94	98	242	133	0	0	0	0	0	0	79	0	208	128	64	199	130	0	0	0	0	0
34d22761f25238447eab18d256d7f2a0	0	0	0	316	54	0	0	0	0	0	0	0	0	0	129	0	117	252	0	0	0	0	0	0	118	0	0	198	259	527	0	0
d4b09c401d72c92aede08ef5ad2fe950	0	110	0	0	0	0	332	81	86	59	53	0	47	84	464	0	0	0	0	0	97	0	214	208	24	0	0	64	0	0	0	0
af0eb01677fa4bfba5e33c51bcb3a466	0	83	148	0	0	0	459	185	109	0	86	65	161	50	0	0	0	0	0	0	0	59	181	111	55	109	0	0	0	0	0	0
541d57fa8de195516821202e9510b824	0	116	12	0	0	0	228	0	94	0	0	0	42	74	436	0	0	0	0	0	79	0	156	155	40	0	0	143	0	0	0	0
282aeee1fab939e2766ef87ff956d5d9	0	127	0	0	0	0	227	39	70	0	39	0	54	46	534	0	0	0	0	0	55	9	122	113	28	0	0	103	0	0	0	0
1d2a1aa1f1b35a0fe28ccd83c4ff4146	0	0	0	288	0	0	0	0	0	0	0	0	0	0	0	0	0	228	0	0	0	0	0	0	100	0	0	174	249	465	0	0
e2cc610be56f9e9c214379764b31849f	0	66	58	0	0	0	387	0	66	28	60	0	212	92	0	0	0	0	0	0	35	71	132	51	43	50	58	0	0	0	0	0
b29f783d4b3d6096db720bab29702370	0	0	974	0	43	107	40	0	0	0	49	23	44	0	0	0	20	0	0	0	0	0	0	30	43	34	0	0	0	0	0	0
3d8597c44bd895ca796df2b345a1f448	0	159	140	0	0	0	361	0	81	15	19	0	38	106	0	0	0	0	0	0	28	26	70	125	18	138	35	0	0	0	0	0
daaaef75203e565e99ae0771a9444f21	48	52	0	0	0	0	0	0	0	0	0	69	38	0	0	364	0	0	0	0	0	165	0	0	64	0	61	0	0	0	263	200
bec694d3e261175fe3daa40372a461e9	0	9	69	111	260	0	3	0	5	20	29	26	233	0	71	0	29	61	130	0	0	0	6	0	0	0	0	41	81	127	0	0
0a1932c35dd6ad1419eb6887e2938ad8	0	145	0	0	0	0	215	0	78	0	0	0	18	30	361	0	0	0	0	0	91	0	96	108	19	0	0	134	0	11	0	0
f2c0663593e77b0027f2ef6170acf840	0	73	169	228	39	0	0	0	0	0	34	0	0	0	67	0	27	329	0	37	0	0	0	0	121	0	0	30	83	0	0	0
f5b450efe0c8dd7e812242bfbc3162fd	0	0	969	0	0	0	0	0	0	0	0	0	0	0	0	0	0	0	70	0	0	0	0	0	0	0	0	0	89	0	0	0
a7ba36b8921f03c66ebe8da9881ac069	0	0	0	177	62	0	0	0	0	0	0	0	215	0	0	0	51	359	155	0	0	0	0	0	72	0	0	13	0	16	0	0
9442d63bca0686ec8c4bf880900784fc	0	188	0	0	0	40	219	33	93	43	33	0	50	36	0	0	0	0	0	0	57	0	90	177	18	0	0	0	0	0	0	0
944d8483fea0f533a53f347a86cda618	684	0	0	0	12	132	0	0	0	0	0	31	25	0	0	0	0	12	33	0	0	0	0	0	0	0	0	9	15	24	0	0
7b2ded7aabeca4fc3fadca18f5922301	0	27	88	0	0	42	35	0	0	41	70	54	44	49	152	0	0	0	0	0	0	0	0	0	77	24	249	0	0	0	0	0
850c004c6b47045e6cf0da70fdeb59f7	0	886	0	0	0	0	0	0	0	0	0	0	0	0	0	0	0	0	0	0	0	0	0	0	0	0	0	0	0	0	0	0
0b1b7cae4e7747938e8e24688196bf26	0	0	0	282	0	0	0	0	0	0	15	0	0	0	0	0	26	196	0	0	0	0	0	0	22	0	0	67	104	124	0	0
4ba550f0538f8683690c961543512fb4	0	0	635	0	0	0	0	0	0	40	0	0	0	0	8	0	0	0	0	0	0	0	15	0	0	0	0	0	0	0	0	0
95062fb27342fb76b5d98c2d8ae1f138	14	0	75	0	0	0	27	0	0	0	56	0	52	63	149	0	0	0	0	0	0	0	0	0	49	31	134	0	21	0	0	0
5040868dccc4bffac80996af0a7edc83	0	278	21	0	0	0	59	6	0	15	32	0	8	64	10	0	0	0	0	0	43	120	0	0	0	0	0	0	0	0	0	0
51d47dc482c628df1522f64697990aca	404	0	37	0	0	78	0	0	0	0	0	0	38	0	0	0	0	0	66	0	0	0	0	0	0	0	0	17	7	0	0	0
c8ca98a9a1e578e2178c2beadd1ad012	5	105	0	0	0	141	0	74	38	5	88	10	0	13	0	0	0	0	0	63	0	0	46	0	0	24	0	0	0	0	0	0
a79587bc77fcfacd167c40fbf8e81394	0	0	569	0	0	0	0	0	0	0	0	0	0	0	0	0	0	0	37	0	0	0	0	0	0	0	0	0	0	0	0	0
d478446c60780c126a49033773890d89	0	0	52	119	122	58	0	0	0	0	0	0	69	0	17	0	20	33	0	0	0	0	0	0	21	0	0	0	94	0	0	0
a8f290bcf920d1f713c7c910830341c9	0	0	0	81	49	0	0	0	0	48	0	0	61	0	15	0	0	278	0	0	0	0	0	0	0	0	0	24	0	36	0	0
2c9ff2bd6f44db72d2a629d2ff74b306	86	36	68	14	0	78	15	0	0	0	15	0	12	17	19	27	0	37	39	0	13	15	0	0	0	0	0	17	33	28	0	0
34e7c79d928057bd30741cb376f40f29	0	0	68	145	82	0	0	0	0	0	0	0	111	0	0	0	33	59	0	0	0	0	0	0	0	0	0	35	0	0	0	0
509f9d317957f86cdbcd4d4cfb88560d	0	0	343	0	19	21	11	0	0	0	0	0	14	0	8	27	0	0	0	0	0	20	15	0	0	18	0	0	0	0	0	0
483181f68a1997d8d691fc99eb4d8919	0	0	0	0	0	0	0	0	0	0	0	21	0	0	0	0	0	0	0	0	0	0	0	0	0	0	0	0	442	0	0	0
f3f7e36654b0edfaa6a9c66ac7878eaa	0	0	0	84	33	0	0	0	0	22	0	0	0	0	0	0	37	55	70	0	0	0	0	0	45	0	0	0	0	46	0	0
d3837b5f22cb96983363b9f716c877cf	0	0	0	0	214	0	0	0	0	0	0	0	170	0	0	0	0	0	0	0	0	0	0	0	0	0	0	0	0	0	0	0
154d85ac8cdca8f3de160552565b0907	0	0	0	0	79	36	0	0	0	0	0	0	0	0	0	0	0	0	90	0	0	0	0	0	0	0	0	0	176	0	0	0
ac8546657022929b8344abf5883092ad	0	0	0	89	0	0	0	0	0	20	0	0	0	0	0	0	0	109	28	0	0	0	0	0	0	0	0	0	51	72	0	0
539989173f6def68a4147bc8944a83c2	0	0	0	0	0	0	0	0	0	26	34	0	25	26	83	0	0	0	0	0	0	28	0	0	0	15	124	0	0	0	0	0
b5a1790a016ebf58cd078a0402c96bb1	0	0	32	0	0	0	0	0	0	0	0	0	0	0	0	147	0	42	0	0	0	30	16	0	0	0	0	0	0	0	34	49
43a45c69b577534c4a388b8a8a3b052d	0	0	0	0	0	0	0	0	0	0	0	0	0	0	340	0	0	0	0	0	0	0	0	0	0	0	0	0	0	0	0	0
fbcfee73669f1695f1990ce72f1d5e75	0	70	0	0	0	30	0	0	0	0	0	22	0	0	103	0	0	0	0	0	0	0	0	0	0	14	26	0	70	0	0	0
ea60313af371ef09618438a3b908b236	30	5	0	8	4	33	0	0	0	0	19	28	0	0	0	0	0	0	0	0	0	67	0	3	0	0	60	0	22	0	52	0
e17d651139e98720e232b1937f793bad	0	0	0	0	91	0	0	0	14	0	15	0	0	7	0	0	0	129	0	0	0	0	0	0	0	0	0	28	31	15	0	0
57fdb23b739ab3c0cc9a8614d2c6db88	0	111	14	0	0	0	82	0	0	0	26	0	15	43	0	0	0	0	0	0	0	27	0	0	0	0	0	0	0	0	0	0
43139c691d81b8526fb9a0db786f6a04	0	0	0	26	91	0	0	0	0	0	0	0	67	0	15	0	15	72	0	0	0	0	0	0	0	0	0	0	0	0	0	0
cb6db2e2b574e0b62dc7b37a017de2cf	0	0	106	0	0	0	0	0	0	0	0	62	0	0	0	0	0	0	0	0	0	0	0	0	0	114	0	0	0	0	0	0
1700ef56d944efae04458d999ba8c829	54	51	0	0	0	0	0	0	0	0	0	0	0	64	34	0	0	0	0	0	0	0	0	0	0	46	27	0	0	0	0	0
51889531872d89979fa584b8fd0480b2	0	0	0	0	0	0	0	0	0	0	0	0	0	0	0	0	0	0	0	0	0	85	0	0	0	0	0	0	0	0	129	59
27325c30c47914898ef234447825ab83	0	0	0	0	0	0	47	0	77	0	0	20	22	0	29	0	0	0	0	0	42	0	0	0	0	14	14	0	0	0	0	0
28791a195fb16e432f328fc38c217a16	49	0	0	0	0	0	0	0	0	0	0	0	0	0	0	39	0	0	0	0	0	101	0	0	48	0	0	27	0	0	0	0
1b7e69619a9fc6512f278bbd3081f4a2	7	29	0	0	0	0	30	0	21	23	0	0	0	13	0	0	0	0	0	0	30	0	38	0	11	0	57	0	0	0	0	0
8f4a939102f99b281f7a5ff184ceeb7e	0	16	0	0	0	58	0	0	0	0	0	0	7	0	0	113	0	0	64	0	0	0	0	0	0	0	0	0	0	0	0	0
db630eaa2a549fc281839a80701ad980	0	0	6	0	0	0	21	0	5	0	26	0	114	9	0	0	0	0	39	19	0	0	0	0	15	0	0	0	0	0	0	0
b53eee213e7fbc88e1a7f13b9c0eb243	0	0	69	0	0	0	0	0	0	0	35	0	0	0	0	0	48	86	0	15	0	0	0	0	0	0	0	0	0	0	0	0
8268fd2dcf6a71917764b773040f4a6d	0	0	32	0	0	0	0	0	0	0	0	0	0	22	0	0	0	0	0	48	0	0	0	0	144	0	0	0	0	0	0	0
f67c3502bd58ba64e9f6c2267b69e960	0	25	7	0	0	0	30	58	14	0	0	0	0	0	46	0	0	0	0	0	22	0	18	3	21	0	0	0	0	0	0	0
21305bd3d7de94d5c9f7118f34a69250	39	91	14	0	0	5	0	0	0	0	14	0	12	0	0	0	11	10	0	0	0	0	0	0	13	0	0	0	16	14	0	0
782259adaeb2f134cfbf0a85afe1d96d	0	0	0	0	0	0	0	0	0	0	0	0	0	0	0	0	0	0	0	0	0	0	0	0	0	0	0	0	239	0	0	0
75195c7c5253e5a13cb2176aa9f782c2	35	0	0	0	0	0	18	0	0	0	0	0	0	0	0	0	0	42	0	0	0	0	0	0	0	0	32	0	0	0	0	104
290a175fb56298ad790c50f2d11de176	0	0	0	0	0	0	0	0	0	0	0	0	231	0	0	0	0	0	0	0	0	0	0	0	0	0	0	0	0	0	0	0
96d643c74f8cfda471bbe6d393476b04	0	0	0	0	0	0	0	0	0	0	0	0	0	0	0	0	0	0	0	0	0	0	0	0	0	0	0	0	0	0	224	0
e83a06b2d2aff786d4504406b4036161	134	0	15	0	0	38	0	0	0	0	0	0	0	0	0	0	0	35	0	0	0	0	0	0	0	0	0	0	0	0	0	0
bbd9195eb175dbfe0bbe51314886d77c	122	16	0	0	0	0	0	0	0	0	0	0	0	0	0	81	0	0	0	0	0	0	0	0	0	0	0	0	0	0	0	0
03745bc008702efabc070935ea54d389	0	0	0	0	0	0	0	0	0	0	0	0	215	0	0	0	0	0	0	0	0	0	0	0	0	0	0	0	0	0	0	0
ac92b6a7f8de3262b62c051421fb01b9	0	0	0	0	40	0	0	0	0	0	8	0	35	0	0	0	0	96	27	0	0	0	0	0	0	0	0	0	0	0	0	0
76b1ac31579a3f7b361e9af5712ded49	0	0	0	43	34	0	0	0	0	0	11	0	44	0	38	0	0	34	0	0	0	0	0	0	0	0	0	0	0	0	0	0
fe4c5826417336c2577bfff2e471d150	0	0	0	0	0	0	0	0	0	0	0	0	0	0	0	0	0	0	0	0	0	0	0	0	0	0	0	0	204	0	0	0
ec6c3b3e64b1078356f28dea787d6094	12	0	0	0	0	0	0	0	25	0	7	0	0	14	54	0	0	0	0	0	29	0	30	0	0	12	20	0	0	0	0	0
c94d69f31fc8d87ec490d4cfd515f55a	0	32	0	0	0	0	49	0	0	0	11	0	56	0	0	0	0	0	0	14	0	0	0	0	40	0	0	0	0	0	0	0
d423a4bbb2eabcb477819739672756cc	0	0	21	0	0	0	0	0	0	0	0	0	0	0	0	0	30	109	41	0	0	0	0	0	0	0	0	0	0	0	0	0
d5e9ebc22ca9b62b1fffe7782e365747	0	159	0	0	0	0	32	0	0	0	0	0	9	0	0	0	0	0	0	0	0	0	0	0	0	0	0	0	0	0	0	0
469239a0937c3e8d1b0ab37c2913e061	0	0	16	0	0	0	0	0	0	0	0	0	0	0	74	0	0	0	0	0	33	47	0	0	0	0	27	0	0	0	0	0
01a485bd946b59b182009c92789e52f9	0	25	14	0	14	0	0	22	11	0	0	0	0	0	0	0	0	0	0	18	0	0	39	18	33	0	0	0	0	0	0	0
80dc7feab12dd3c7595c00ad95316a6a	0	0	0	0	0	0	0	0	0	0	0	0	0	0	0	107	0	0	0	0	0	87	0	0	0	0	0	0	0	0	0	0
4e27ee3e2add0f2108b9274ff24ffaaf	37	0	0	0	0	0	0	0	0	0	0	0	0	0	0	32	0	0	0	0	0	121	0	0	0	0	0	0	0	0	0	0
4279bd2f5f245c6e0a5d0420b20e1291	0	0	0	0	0	0	0	0	0	0	41	0	0	0	0	0	0	32	0	0	0	0	0	0	48	0	0	0	0	67	0	0
842729d0c73a0e276c22067d98067374	145	0	0	0	0	0	0	0	0	0	0	0	0	0	0	0	4	0	0	0	0	0	0	0	0	0	0	0	39	0	0	0
539869c80f1953ffa410a09326827371	0	0	0	0	0	0	0	0	0	0	0	0	0	0	0	0	0	0	176	0	0	0	0	0	0	0	0	0	0	0	0	0
35a00bfbab576eb2b19f3b0a044f41f2	0	0	0	0	0	0	0	0	0	0	0	0	0	0	0	171	0	0	0	0	0	0	0	0	0	0	0	0	0	0	0	0
dd2fee3b558a3d2df4a0ccb8ef4bd976	0	0	141	0	20	0	0	0	0	0	8	0	0	0	0	0	0	0	0	0	0	0	0	0	0	0	0	0	0	0	0	0
fa7c10d2093f94c8bdbb1a4b9cb7360b	0	0	0	0	0	0	0	0	0	0	0	31	42	0	0	0	0	0	44	0	0	47	0	0	0	0	0	0	0	0	0	0
54eab4292a0f412308a00bc3822b72d4	0	0	0	0	0	0	0	0	0	0	0	0	103	0	34	0	0	0	0	0	0	0	0	0	0	0	0	25	0	0	0	0
7b6b658ea8035ee681dbf66dab76c00c	0	0	0	0	0	0	0	0	0	0	0	0	0	0	0	0	0	0	0	0	0	162	0	0	0	0	0	0	0	0	0	0
642fda1b0aaf36953a0e71cab9bd99dc	63	0	0	0	0	0	0	0	0	0	0	0	0	0	98	0	0	0	0	0	0	0	0	0	0	0	0	0	0	0	0	0
7ba6a50d176e0b7a0a3865e2db7d2dde	0	38	0	0	51	0	0	0	0	0	0	0	56	15	0	0	0	0	0	0	0	0	0	0	0	0	0	0	0	0	0	0
5274346449e50a13a1a08ffaba6e03dd	21	0	0	0	0	0	0	0	0	0	0	0	31	0	0	51	0	11	0	0	0	0	0	0	0	0	34	0	0	8	0	0
3199c2517fc15b4ebe7a10f9441de10f	0	0	0	26	0	0	0	0	0	0	0	0	0	0	0	0	82	43	0	0	0	0	0	0	0	0	0	0	0	0	0	0
dbd1f9df41ba55fdf63f8592f90bb772	129	0	0	0	0	0	0	0	0	0	0	0	0	0	0	0	0	0	18	0	0	0	0	0	0	0	0	0	0	0	0	0
9aaef6db9f03d24977019d11ab9517f2	0	0	0	0	0	0	0	0	0	0	0	0	0	19	0	0	0	0	0	45	0	0	0	0	0	0	0	0	0	0	80	0
57b856d2ec363466476d1510607da112	0	0	0	0	0	0	0	0	0	0	0	0	0	0	0	0	0	0	0	0	0	0	0	0	0	0	0	0	0	0	141	0
eca953b59d5f9737a233587ae581e49f	0	0	0	0	0	0	0	38	0	0	60	0	0	0	0	0	0	0	0	0	0	0	0	0	0	0	38	0	0	0	0	0
e1ceda87f0d7cc4428d934888a62594b	0	0	0	0	0	0	0	0	0	0	0	0	0	0	0	134	0	0	0	0	0	0	0	0	0	0	0	0	0	0	0	0
792f863259cdce9b6bfbea36fa17cd41	0	0	0	0	0	0	44	0	0	37	0	0	0	0	52	0	0	0	0	0	0	0	0	0	0	0	0	0	0	0	0	0
9c783b228fce80b6af4e5a391106da4b	0	0	0	0	0	0	0	0	0	0	16	0	0	14	0	0	5	0	95	0	0	0	0	0	0	0	0	0	0	0	0	0
2d10f8ba31c6331ce3dd9079531be405	110	0	8	0	0	0	0	0	0	0	0	0	0	0	0	0	0	0	0	0	10	0	0	0	0	0	0	0	0	0	0	0
93f6390f67b9525879e976a310f606d5	127	0	0	0	0	0	0	0	0	0	0	0	0	0	0	0	0	0	0	0	0	0	0	0	0	0	0	0	0	0	0	0
59a0a40c5ecefb8fb1fce1407135ed8c	0	0	0	0	0	0	0	0	0	0	0	0	0	0	0	125	0	0	0	0	0	0	0	0	0	0	0	0	0	0	0	0
204af93e5431cec9f840c1ec50e14c50	0	0	12	0	0	21	0	0	0	0	0	0	0	0	0	75	0	0	0	0	0	0	0	0	0	0	0	0	0	0	0	15
04ae6d4e93605dc0fd87868b6069bbbf	71	0	0	0	0	0	0	0	0	0	0	0	0	0	0	51	0	0	0	0	0	0	0	0	0	0	0	0	0	0	0	0
53fb12ba5d166f18c30e101ad3fefe25	0	0	0	0	0	0	0	0	0	0	0	0	0	0	0	0	0	0	0	0	0	0	0	0	0	0	0	0	117	0	0	0
8d733ce3c7d13530cf13da69e00afd59	0	0	0	0	0	0	0	0	6	0	24	0	32	0	18	0	0	0	0	0	12	0	22	0	0	0	0	0	0	0	0	0
fb33eb81a1380ca9bf54723d85d566d0	0	0	0	0	0	0	0	57	0	0	0	0	0	0	0	55	0	0	0	0	0	0	0	0	0	0	0	0	0	0	0	0
751e5e69f988c8556ea71680e282bbf6	0	0	0	0	0	0	0	0	0	0	0	0	0	0	0	0	83	0	0	0	0	0	0	0	0	0	0	0	0	29	0	0
de3433571b870a3b3f49bfe307718094	0	0	0	0	0	40	0	0	0	0	0	71	0	0	0	0	0	0	0	0	0	0	0	0	0	0	0	0	0	0	0	0
8b4e5b04ba541c3f9507534e65517b36	13	0	0	31	25	0	0	0	0	0	41	0	0	0	0	0	0	0	0	0	0	0	0	0	0	0	0	0	0	0	0	0
f7ac46db39e5a730a313649e8cc3f6e7	0	0	0	10	0	0	0	0	0	0	0	0	0	0	0	0	0	0	97	0	0	0	0	0	0	0	0	0	0	0	0	0
2af331ba0d9ad90575b10d296899a6fe	0	0	0	0	0	0	0	0	0	0	0	0	0	0	0	0	0	0	0	0	0	0	0	0	82	24	0	0	0	0	0	0
b46f302e090ee6b587cc9901c781caa5	0	0	0	0	0	0	0	0	0	0	0	0	0	0	0	0	0	0	0	0	0	0	0	0	0	0	0	0	104	0	0	0
8f81aedafb43fc1b0bfd8beb31e5e3fd	103	0	0	0	0	0	0	0	0	0	0	0	0	0	0	0	0	0	0	0	0	0	0	0	0	0	0	0	0	0	0	0
16113a3667b1209f28a2f0ff517470b1	0	0	0	0	0	0	0	0	0	0	0	0	0	0	0	102	0	0	0	0	0	0	0	0	0	0	0	0	0	0	0	0
c3796a7749abcabaf77759073a9a0af6	0	0	0	0	0	0	0	0	0	22	0	47	0	18	0	0	0	0	0	13	0	0	0	0	0	0	0	0	0	0	0	0
71c05ef4f89bfda417762c6a3a199da5	35	0	0	0	0	0	0	0	0	0	0	0	0	0	0	0	12	0	0	0	0	0	0	33	0	0	0	0	0	0	18	0
69dc27822a8418a87231d80e5d8953b5	75	0	0	0	0	0	0	0	0	0	0	0	0	0	0	22	0	0	0	0	0	0	0	0	0	0	0	0	0	0	0	0
e01faab3de2363ffc2661c61c5106ab3	0	0	0	0	0	0	57	0	0	23	0	0	0	0	0	0	0	0	0	0	0	0	0	0	0	0	15	0	0	0	0	0
6fc7befdaf3b63f0de7b84ee6a474d92	0	0	0	0	0	0	0	0	44	0	0	0	0	0	0	0	0	0	0	0	0	0	0	0	17	0	0	32	0	0	0	0
8a94f07d147403a782d6f514cffd9828	0	0	0	0	0	0	0	0	0	0	0	0	0	0	0	93	0	0	0	0	0	0	0	0	0	0	0	0	0	0	0	0
76b2dda0329198d99483f3168cad5e9a	0	0	0	0	0	0	0	53	0	0	0	0	0	0	0	0	0	0	0	0	0	0	0	0	0	0	0	0	39	0	0	0
922c72d95d67ee30d42a59fb9d90cdd1	0	0	0	0	0	0	0	0	0	0	0	0	0	0	0	0	0	0	92	0	0	0	0	0	0	0	0	0	0	0	0	0
cfd62488d6fed5db5f2c12df0a0c7b02	0	0	0	0	0	0	0	0	0	0	0	0	0	0	0	0	0	0	0	88	0	0	0	0	0	0	0	0	0	0	0	0
67a159d903bff85919888a1d96ce85bc	0	0	0	0	0	0	0	87	0	0	0	0	0	0	0	0	0	0	0	0	0	0	0	0	0	0	0	0	0	0	0	0
e6093436421d45986f2605589af9bd3b	0	0	0	0	0	0	0	0	0	0	0	0	0	0	0	0	0	0	87	0	0	0	0	0	0	0	0	0	0	0	0	0
a70c612bcf89e8587cd666589429f064	0	0	0	0	0	0	0	0	0	0	0	0	0	32	0	0	0	19	0	0	0	0	0	0	35	0	0	0	0	0	0	0
45736d8ee40b5ec7d6aeffce019612e7	0	0	0	0	0	0	0	0	0	0	0	0	0	0	0	0	0	0	85	0	0	0	0	0	0	0	0	0	0	0	0	0
7e6dd2b62d1c2e2eb5dc90bf8ee721ea	0	0	0	0	0	0	85	0	0	0	0	0	0	0	0	0	0	0	0	0	0	0	0	0	0	0	0	0	0	0	0	0
23ce558070b83416b8a4da64fdc60f87	0	0	0	0	0	0	0	0	0	0	0	0	0	0	0	0	0	0	0	0	0	0	0	0	0	0	0	0	0	0	0	85
0cbcbec63812cde7bf2aab66d56266eb	0	0	0	0	0	0	0	33	0	9	0	0	0	16	0	0	0	0	0	0	0	0	19	0	0	0	0	7	0	0	0	0
59914ab99806c2210c349d04eada3011	0	0	0	0	0	31	0	0	0	0	0	15	0	0	0	0	0	0	0	0	0	20	0	0	0	0	18	0	0	0	0	0
a057e14dbdc40c4b4ace4c0f6407afd4	84	0	0	0	0	0	0	0	0	0	0	0	0	0	0	0	0	0	0	0	0	0	0	0	0	0	0	0	0	0	0	0
ba69d07e72321ba4907a38a1ed4d6377	0	0	0	0	0	84	0	0	0	0	0	0	0	0	0	0	0	0	0	0	0	0	0	0	0	0	0	0	0	0	0	0
df605f7a1e1914c2fd3734da57a2c82c	0	0	0	0	0	0	0	0	0	0	0	0	0	0	0	0	0	0	0	0	0	83	0	0	0	0	0	0	0	0	0	0
863b9dfc200fe12112b846a888785960	0	36	0	0	0	0	0	0	0	0	0	0	45	0	0	0	0	0	0	0	0	0	0	0	0	0	0	0	0	0	0	0
42eeee6bc9a9443cb1c75d721f21fb69	0	0	0	0	0	81	0	0	0	0	0	0	0	0	0	0	0	0	0	0	0	0	0	0	0	0	0	0	0	0	0	0
c57c081dcf8bdc3780c4e0a1a0f674f5	24	0	0	0	0	0	0	0	0	0	0	0	0	0	0	56	0	0	0	0	0	0	0	0	0	0	0	0	0	0	0	0
9768d6a65ae9b1b40e3360b8bf41aa16	0	0	0	0	0	0	0	0	0	0	0	0	0	0	0	65	0	0	0	12	0	0	0	0	0	0	0	0	3	0	0	0
31661317e534a45502173ae278dd06e7	0	0	0	0	0	0	0	0	0	0	0	0	80	0	0	0	0	0	0	0	0	0	0	0	0	0	0	0	0	0	0	0
97c5e368600ce6b5950ea2f24c875ca8	0	0	0	0	0	0	0	0	0	0	0	0	0	0	0	79	0	0	0	0	0	0	0	0	0	0	0	0	0	0	0	0
597c178a32c8e105554890ac672203a1	0	7	0	0	15	16	0	0	0	0	0	0	3	0	0	11	0	0	27	0	0	0	0	0	0	0	0	0	0	0	0	0
ea4ca9b1d7217f18dfddeae02b7b6217	0	0	0	0	0	0	0	0	0	0	0	0	79	0	0	0	0	0	0	0	0	0	0	0	0	0	0	0	0	0	0	0
6efaf733cab3d4d47ea83b104c1cdacc	0	0	0	0	0	0	0	0	0	0	0	0	0	0	0	78	0	0	0	0	0	0	0	0	0	0	0	0	0	0	0	0
14d7613dc1fd3c479b49a492cc794be1	0	0	0	0	0	0	0	0	0	0	0	0	36	0	0	0	0	0	0	0	0	0	0	0	0	0	0	0	42	0	0	0
0b538ebcde386fd4d47ae8cc1ddfeff2	0	0	0	0	16	42	0	0	0	0	0	0	0	0	0	0	0	0	0	20	0	0	0	0	0	0	0	0	0	0	0	0
069475c7bdd82e65b113eee71727856e	0	0	0	0	0	0	0	0	0	0	0	0	0	0	29	0	0	0	0	0	0	0	48	0	0	0	0	0	0	0	0	0
6a5fb162579083d4e98187a2c5283dc2	0	0	0	22	8	0	0	0	0	0	0	0	0	0	14	0	20	13	0	0	0	0	0	0	0	0	0	0	0	0	0	0
6622eac1af26dd5686c7d188be84c31b	0	0	0	0	0	0	35	0	7	0	0	0	29	4	0	0	0	0	0	0	0	0	0	0	0	0	0	0	0	0	0	0
4b02ec4878c648b0014f89b8f3883a31	0	0	0	0	0	0	0	0	0	0	0	0	0	0	0	75	0	0	0	0	0	0	0	0	0	0	0	0	0	0	0	0
f568c0a3c0e19ca7eec1f7347c06b3d4	0	0	0	0	0	0	0	0	0	0	0	0	0	0	0	75	0	0	0	0	0	0	0	0	0	0	0	0	0	0	0	0
92a03179e982637f44b3423f424417d5	0	56	0	0	0	0	0	0	0	0	0	0	10	0	0	0	0	9	0	0	0	0	0	0	0	0	0	0	0	0	0	0
51e7372b2b56d471d74cdde67a4b8820	0	0	0	0	0	0	0	0	0	0	0	0	0	0	0	74	0	0	0	0	0	0	0	0	0	0	0	0	0	0	0	0
afa46467ef707826632c24867b3745c9	0	0	0	0	26	0	0	0	0	0	0	0	0	0	0	0	36	0	0	0	0	0	0	0	0	0	0	10	0	0	0	0
16850a21e72247882c2e4f6e8ff2a04e	0	25	8	0	0	0	25	0	0	0	13	0	0	0	0	0	0	0	0	0	0	0	0	0	0	0	0	0	0	0	0	0
1009e1e88b61f394ec802c50b7943b0b	0	0	0	0	0	71	0	0	0	0	0	0	0	0	0	0	0	0	0	0	0	0	0	0	0	0	0	0	0	0	0	0
fe184f2b4abca7e52606d1584513a875	0	0	0	0	0	0	0	0	9	0	0	0	0	0	0	0	0	0	0	0	0	45	0	16	0	0	0	0	0	0	0	0
8e39af1186dcd702c5237ad8e6f91ccc	0	0	11	0	0	0	0	0	0	0	0	0	0	0	0	59	0	0	0	0	0	0	0	0	0	0	0	0	0	0	0	0
06fc5ae730241c002c2e765c400e7b32	0	70	0	0	0	0	0	0	0	0	0	0	0	0	0	0	0	0	0	0	0	0	0	0	0	0	0	0	0	0	0	0
defe1f7a2cc7004a279c4fc5d83a29a9	0	0	0	0	0	68	0	0	0	0	0	0	0	0	0	0	0	0	0	0	0	0	0	0	0	0	0	0	0	0	0	0
4d33d4a36a994461cc89099a16618f2f	0	0	0	0	0	0	4	0	0	0	0	0	5	0	0	0	0	0	0	0	0	0	0	0	13	0	44	0	0	0	0	0
4e1d0e3015aa7cb7914d17376a600110	0	0	0	0	0	0	0	0	0	37	0	0	0	0	0	0	0	0	0	0	17	0	0	0	0	0	0	11	0	0	0	0
ca9b1439b94938686f0fe93a2af47ade	0	0	0	0	0	0	0	0	0	0	0	0	0	0	0	0	0	0	0	0	0	64	0	0	0	0	0	0	0	0	0	0
4a8f8f398e44bc37d9fa2a486328b05e	0	0	0	0	64	0	0	0	0	0	0	0	0	0	0	0	0	0	0	0	0	0	0	0	0	0	0	0	0	0	0	0
71e481f00a4287394ac93427150ae1fd	0	0	0	0	0	0	0	63	0	0	0	0	0	0	0	0	0	0	0	0	0	0	0	0	0	0	0	0	0	0	0	0
8de1d62b0a21640b5a33fc69c4327c44	0	0	0	0	0	0	0	0	26	0	0	0	0	0	0	0	0	0	0	0	0	0	0	37	0	0	0	0	0	0	0	0
affc755160a2861be9e8044ac0b30512	0	0	0	0	34	0	0	0	0	0	0	0	0	17	0	0	0	0	0	0	0	0	0	0	0	0	12	0	0	0	0	0
6aa640d9a980e800754bdf0e6dca4a0c	0	0	0	0	0	0	19	0	0	0	0	0	0	0	0	0	0	0	0	0	0	0	0	0	0	0	0	0	44	0	0	0
2e35d88f8bf8a3a046aead497c90fd45	0	0	0	0	0	0	0	0	0	0	0	0	0	0	0	62	0	0	0	0	0	0	0	0	0	0	0	0	0	0	0	0
b798168da330b1edfc65c343a47dddfc	0	0	27	0	32	0	0	0	0	0	0	0	0	0	0	0	0	0	0	0	0	0	0	0	0	0	0	0	0	3	0	0
7c4dad67b0268b78659c5cd7e0ea1387	0	0	0	0	0	0	0	0	0	0	0	0	0	0	0	0	0	0	0	0	0	0	0	0	0	61	0	0	0	0	0	0
7821d92bd64c05e6f92a2f7abe12f70a	0	0	0	0	0	0	0	0	0	60	0	0	0	0	0	0	0	0	0	0	0	0	0	0	0	0	0	0	0	0	0	0
c56ddbf852b5a4075a6427b243f20796	0	0	0	0	0	0	0	59	0	0	0	0	0	0	0	0	0	0	0	0	0	0	0	0	0	0	0	0	0	0	0	0
7d58183aa0c10de507c07ce18b4ef6df	0	0	0	0	0	0	0	0	0	0	0	0	0	0	0	50	0	9	0	0	0	0	0	0	0	0	0	0	0	0	0	0
d3e388657af47fb9095821e2d19d570c	0	0	0	0	0	0	0	0	0	0	0	0	0	0	0	0	0	0	59	0	0	0	0	0	0	0	0	0	0	0	0	0
be0b19a7417326da895f8a6e3c686591	0	0	0	0	0	0	0	0	0	0	0	14	0	0	0	0	0	0	11	0	0	5	28	0	0	0	0	0	0	0	0	0
ce4d045cb08529be2ebd40b0446ceeb5	5	0	0	0	0	0	0	0	0	0	0	0	0	0	0	0	0	0	0	0	0	0	0	53	0	0	0	0	0	0	0	0
2cda0682b7bf2de29f6214f48d19272c	0	0	0	0	0	49	0	0	0	0	6	0	3	0	0	0	0	0	0	0	0	0	0	0	0	0	0	0	0	0	0	0
ca0e27b41676c6d3abd91280b161df6a	0	0	0	0	0	58	0	0	0	0	0	0	0	0	0	0	0	0	0	0	0	0	0	0	0	0	0	0	0	0	0	0
dd542c249e2ddf3954e1a801f7b45c44	0	46	0	0	0	0	0	0	0	0	0	0	0	0	0	0	0	0	0	0	0	0	0	0	0	0	0	11	0	0	0	0
def107d18e5106ba7c3a68e4bac95470	0	0	0	0	0	0	0	0	0	0	0	0	0	0	0	0	0	0	0	0	0	0	0	0	0	0	57	0	0	0	0	0
4d67829089dc1b4d1ea27d65a264922d	0	0	0	0	0	0	0	0	0	0	0	0	0	0	57	0	0	0	0	0	0	0	0	0	0	0	0	0	0	0	0	0
e7cb020c3768ef1308d71c40249495ea	0	0	0	0	0	0	0	0	0	0	0	0	0	0	0	0	0	57	0	0	0	0	0	0	0	0	0	0	0	0	0	0
b1a726ea22613d22e76457f79d8af380	0	0	0	0	0	0	0	0	0	0	0	0	0	0	0	0	0	0	0	0	0	56	0	0	0	0	0	0	0	0	0	0
40ab1a63b49c9f1248b03539f692154d	0	0	0	0	0	0	0	27	0	0	0	0	0	0	0	0	0	0	0	0	0	27	0	0	0	0	0	0	0	0	0	0
d7a5825e0d46fb2905bcf5d14a94ec3a	0	0	0	0	0	0	0	0	0	0	0	0	6	0	6	0	0	0	0	0	0	0	27	0	0	0	0	0	0	15	0	0
e5cdb5604e3b5f37306a50572eb92bb0	0	0	0	0	0	0	0	0	0	0	0	0	0	0	0	0	0	0	0	0	0	0	0	53	0	0	0	0	0	0	0	0
bf90fe11728549b6d11111a34295fa16	18	0	0	0	0	0	0	0	0	0	0	0	0	0	0	0	0	0	0	0	0	35	0	0	0	0	0	0	0	0	0	0
c681b51b8c9aa49f485e67c98faf7ea3	0	0	0	0	0	0	53	0	0	0	0	0	0	0	0	0	0	0	0	0	0	0	0	0	0	0	0	0	0	0	0	0
dc768e83fa911de5da9e6f9e1f6da6da	0	0	0	0	0	0	0	0	0	0	0	0	0	0	0	52	0	0	0	0	0	0	0	0	0	0	0	0	0	0	0	0
b03c414290fa278a0f09d9b4c819ac40	43	0	0	0	0	0	0	0	8	0	0	0	0	0	0	0	0	0	0	0	0	0	0	0	0	0	0	0	0	0	0	0
af3d18d7774949a3a64d67e8c159ef87	0	0	0	0	0	0	0	0	0	0	0	6	0	0	0	0	0	0	0	0	0	0	45	0	0	0	0	0	0	0	0	0
d16208ce95f21210eff57beb3c8c3a5c	0	31	0	0	0	0	0	0	0	0	0	0	0	0	0	0	0	0	0	0	0	0	0	20	0	0	0	0	0	0	0	0
016a17ba1739778af7f969551944a976	0	0	0	0	0	0	0	0	0	0	0	51	0	0	0	0	0	0	0	0	0	0	0	0	0	0	0	0	0	0	0	0
6e340850ee4f9f544ae1c04ce9345537	0	0	0	0	0	0	0	0	0	0	0	0	0	13	0	0	0	0	0	0	0	0	0	0	0	38	0	0	0	0	0	0
d9b2eaa08af9fb03a1b1c5a21457b00d	0	0	0	0	0	0	0	0	0	0	0	0	0	0	0	51	0	0	0	0	0	0	0	0	0	0	0	0	0	0	0	0
3d199257bc034fa0578a563beaa5d13d	0	0	0	0	0	0	0	0	0	0	0	0	31	0	0	0	0	0	0	0	0	0	0	0	0	0	0	0	20	0	0	0
54afa63f352fb97816d3bc22a9abbe38	0	0	0	0	0	0	25	0	0	0	0	0	0	0	26	0	0	0	0	0	0	0	0	0	0	0	0	0	0	0	0	0
5973b7a5192b5b92cb4bf5a73b9c6db4	0	0	0	0	0	0	0	0	0	0	0	0	0	0	0	0	0	0	0	0	0	0	0	0	0	0	0	0	51	0	0	0
988641d8bbb2f29bcc2ef324edaa6636	0	0	0	0	0	0	0	0	0	0	0	0	0	0	0	0	0	0	0	0	0	0	0	0	50	0	0	0	0	0	0	0
cbc07d95f250b88882ae4969bf604f1c	0	0	0	0	0	0	0	0	0	0	0	0	0	0	0	50	0	0	0	0	0	0	0	0	0	0	0	0	0	0	0	0
72037b20bf1835a5df7ef863baf68091	0	0	0	0	0	0	0	0	0	0	0	0	0	0	0	50	0	0	0	0	0	0	0	0	0	0	0	0	0	0	0	0
d5059f1395cd3d5ec6c253389ea729db	0	0	0	0	0	0	0	0	0	0	0	0	0	0	0	0	0	0	0	0	0	0	0	0	0	0	0	0	50	0	0	0
f72abff20162a869f7fb14c9b9468835	0	19	0	0	0	0	0	0	0	0	0	0	0	0	0	0	0	3	0	0	7	0	6	14	0	0	0	0	0	0	0	0
656a4e12ad6c87759e5ccfb886556fb4	0	0	0	0	0	49	0	0	0	0	0	0	0	0	0	0	0	0	0	0	0	0	0	0	0	0	0	0	0	0	0	0
a770611b9ee2a4db5d89561cd24575ac	0	0	0	0	0	0	0	0	0	0	0	0	0	0	0	0	0	0	49	0	0	0	0	0	0	0	0	0	0	0	0	0
84e57bb9beb448b2664ed015e5d71b15	0	0	0	0	49	0	0	0	0	0	0	0	0	0	0	0	0	0	0	0	0	0	0	0	0	0	0	0	0	0	0	0
2ea4f7e74664058435cb1b82d94b574b	0	18	0	0	0	0	0	0	8	0	0	0	0	11	0	0	0	0	0	0	0	0	0	0	0	11	0	0	0	0	0	0
62cd87f444fe8d35e8ca8e5a828d9aed	0	0	0	0	0	48	0	0	0	0	0	0	0	0	0	0	0	0	0	0	0	0	0	0	0	0	0	0	0	0	0	0
388e12ba24b482ff025d586ab23187c4	0	0	0	0	0	0	0	0	0	0	0	0	0	0	0	0	0	0	0	0	0	0	0	0	0	0	0	0	0	0	48	0
650eb97673d74e8c850c8c8488e53ca7	0	1	8	0	0	0	3	0	0	0	0	0	0	0	3	0	0	0	0	0	0	0	0	1	0	0	0	0	31	0	0	0
efbc8917d95226e34e94981f929df8a6	0	0	0	0	0	0	0	0	0	18	0	0	0	0	0	0	0	0	0	0	0	0	0	0	14	15	0	0	0	0	0	0
97367c9a4e6747d2fb7071cb81950760	0	0	0	0	0	0	0	0	0	0	0	0	0	0	0	0	0	0	0	0	0	47	0	0	0	0	0	0	0	0	0	0
9beb07179d667d61e82f84edee4f62b0	0	0	0	0	0	47	0	0	0	0	0	0	0	0	0	0	0	0	0	0	0	0	0	0	0	0	0	0	0	0	0	0
a31f16c797a9e9c3afff9352c8a5854a	0	0	0	0	0	0	0	26	0	0	0	0	0	0	0	0	0	0	9	0	0	0	0	0	0	11	0	0	0	0	0	0
698ae6c7851ac6ee87ce9b4dc8193d66	0	0	0	0	0	0	0	0	0	0	0	0	0	0	37	0	0	0	0	0	0	0	0	0	9	0	0	0	0	0	0	0
bfdcb2b1af5b923adcb8e464a84887d3	0	0	0	0	0	0	0	0	0	0	46	0	0	0	0	0	0	0	0	0	0	0	0	0	0	0	0	0	0	0	0	0
cf854020ee10ea3b5a1e24eb50f30610	0	0	0	0	0	0	0	0	0	0	0	0	0	0	0	46	0	0	0	0	0	0	0	0	0	0	0	0	0	0	0	0
5b3d86f02b5cf885c81b2a642e9c6759	0	0	0	0	0	0	0	0	0	0	0	0	0	0	0	0	0	0	0	0	0	46	0	0	0	0	0	0	0	0	0	0
51a9028941b48cb752ad3a55e10d6784	0	0	0	0	0	0	0	0	0	0	0	45	0	0	0	0	0	0	0	0	0	0	0	0	0	0	0	0	0	0	0	0
03adad3bae49ec2480442103a789b6fd	0	0	0	0	0	0	0	0	0	0	0	0	0	0	0	45	0	0	0	0	0	0	0	0	0	0	0	0	0	0	0	0
1a98bf65e8b6596b7f58fe707a3031dc	0	0	0	0	0	0	0	0	0	0	0	0	0	0	0	0	0	0	0	0	0	45	0	0	0	0	0	0	0	0	0	0
f76284c6d3ee8f1a6d1690c7938c3bec	0	0	0	0	0	0	0	28	0	0	0	0	0	0	0	0	0	0	0	0	0	16	0	0	0	0	0	0	0	0	0	0
011090e41da99ab632cfecf20878d581	0	0	0	0	0	0	0	0	0	0	0	0	0	0	0	0	0	0	0	0	0	0	0	44	0	0	0	0	0	0	0	0
40f71eb1bc9b6564373c90d786f41f71	0	0	0	0	0	13	0	0	0	0	0	0	0	0	0	0	0	0	0	0	0	0	0	0	0	31	0	0	0	0	0	0
ec45b592b93d671524bb1142b91d9190	0	0	0	0	0	33	0	0	0	0	0	0	11	0	0	0	0	0	0	0	0	0	0	0	0	0	0	0	0	0	0	0
1e98a9c66282025bad1a121a3525f929	0	0	0	0	0	0	0	0	0	0	0	0	0	0	0	0	0	0	0	0	0	43	0	0	0	0	0	0	0	0	0	0
ac185dcd3a34fcbf9c2a539030223a2f	0	0	0	0	0	0	0	0	0	0	0	0	0	0	0	0	0	0	0	0	0	0	0	0	0	0	0	43	0	0	0	0
40b48ec694b884aa93cc33fbfb00d625	0	0	0	0	0	0	0	0	0	0	0	0	0	0	0	0	0	0	0	0	0	0	0	0	0	0	0	0	0	0	0	43
394b62243678d5f00cbfb8f1c4a6ee6d	29	0	0	0	0	0	0	0	0	0	0	0	0	0	0	0	0	0	0	0	0	0	0	13	0	0	0	0	0	0	0	0
9099e311695f5c9fece3278f8a3f4425	0	0	0	0	0	0	42	0	0	0	0	0	0	0	0	0	0	0	0	0	0	0	0	0	0	0	0	0	0	0	0	0
d6e82722922681781b6ccd34ac1f9766	0	0	0	0	0	0	0	0	0	0	0	0	0	0	0	0	0	0	0	0	0	0	0	0	0	0	0	0	0	0	42	0
5f8a9debd1b0e4d4c26bcec834d2d101	41	0	0	0	0	0	0	0	0	0	0	0	0	0	0	0	0	0	0	0	0	0	0	0	0	0	0	0	0	0	0	0
8dbdecc1d2a2ac4bc02a441c3c5b4b18	0	0	0	0	0	0	0	0	0	0	0	0	0	0	0	41	0	0	0	0	0	0	0	0	0	0	0	0	0	0	0	0
1f7ff3622be1a8a7fd87cbf1dc8e3bb2	0	0	0	0	0	0	0	0	0	0	0	0	41	0	0	0	0	0	0	0	0	0	0	0	0	0	0	0	0	0	0	0
85d326dd3ddc5ac4d7560f2f52e15f0b	0	0	0	0	0	0	0	0	0	0	0	0	41	0	0	0	0	0	0	0	0	0	0	0	0	0	0	0	0	0	0	0
e651d7d957d4afb2c23b83c030bb501c	40	0	0	0	0	0	0	0	0	0	0	0	0	0	0	0	0	0	0	0	0	0	0	0	0	0	0	0	0	0	0	0
56f70a9b15d4f5fe37b5d49fd872f4c5	0	0	40	0	0	0	0	0	0	0	0	0	0	0	0	0	0	0	0	0	0	0	0	0	0	0	0	0	0	0	0	0
b3cd405f948fc333e353dab309540c51	0	0	0	0	0	0	0	0	0	0	0	0	0	0	0	0	0	0	0	0	0	40	0	0	0	0	0	0	0	0	0	0
1c2dfb3d0acc51fa6217b6133435a7cc	0	0	0	0	0	0	0	0	0	0	0	0	0	0	0	0	0	0	0	16	0	0	0	0	0	0	0	0	24	0	0	0
c1238c90a3fef9621eb248ea399bc70c	0	0	0	0	0	0	0	38	0	0	0	0	0	0	0	0	0	0	0	0	0	0	0	0	0	0	0	0	0	0	0	0
ced70e96ed6d5d24ea2645376c50b3c3	0	0	0	0	0	0	0	0	0	0	0	0	0	0	0	0	0	0	0	0	0	0	0	38	0	0	0	0	0	0	0	0
c0e564677fa9cea44f22d07433a90647	38	0	0	0	0	0	0	0	0	0	0	0	0	0	0	0	0	0	0	0	0	0	0	0	0	0	0	0	0	0	0	0
6164d52aae7b6df5dacade96ee0f407a	0	0	0	0	0	0	0	0	0	0	0	0	0	0	0	23	0	0	0	0	0	0	0	0	0	0	0	0	0	0	0	15
b5320e5997cc555da5ae4f8524f499d6	0	0	0	0	0	0	0	0	0	0	0	0	0	0	0	0	0	0	0	0	0	38	0	0	0	0	0	0	0	0	0	0
5a0e067cf7c3d230ce32f89947012b6b	0	0	0	0	0	0	38	0	0	0	0	0	0	0	0	0	0	0	0	0	0	0	0	0	0	0	0	0	0	0	0	0
a4a54eae5acd4eb4cecb80bd3257a137	0	0	0	0	0	0	0	0	0	0	0	0	0	0	0	0	0	0	0	0	0	0	37	0	0	0	0	0	0	0	0	0
578d9eb1655225a035f3f57f4e5f00ca	0	0	0	0	0	0	0	0	0	0	37	0	0	0	0	0	0	0	0	0	0	0	0	0	0	0	0	0	0	0	0	0
fcf72be9d4d64ef4a3ed0cc656fe7a3c	0	0	0	0	0	0	0	0	0	0	37	0	0	0	0	0	0	0	0	0	0	0	0	0	0	0	0	0	0	0	0	0
fa5d10d0f5b3457021cf635a8268b986	22	0	0	0	0	0	0	0	0	0	0	0	0	0	0	0	0	0	0	0	0	0	0	0	0	0	0	0	0	0	15	0
14d67922fb9bb0987230d6c55a9ce554	0	0	0	0	0	0	0	0	0	0	0	0	0	0	0	37	0	0	0	0	0	0	0	0	0	0	0	0	0	0	0	0
21bce68635488b0fca642c743c9de060	0	37	0	0	0	0	0	0	0	0	0	0	0	0	0	0	0	0	0	0	0	0	0	0	0	0	0	0	0	0	0	0
01aa79f0a4f45bbb8658b0d254a70f8c	0	0	0	0	0	0	0	0	0	0	0	0	0	0	0	0	0	0	0	0	0	37	0	0	0	0	0	0	0	0	0	0
2299a9473048d52572afedd83616101d	0	0	0	0	0	37	0	0	0	0	0	0	0	0	0	0	0	0	0	0	0	0	0	0	0	0	0	0	0	0	0	0
9d02b6cb203b32bc003fe149e2158d19	0	0	0	0	0	0	0	0	0	0	0	0	0	0	0	0	0	0	0	37	0	0	0	0	0	0	0	0	0	0	0	0
091871133f6759b698437cfa0b72adf3	0	0	0	0	18	0	0	0	0	0	0	0	0	0	0	0	0	0	0	0	0	0	0	0	18	0	0	0	0	0	0	0
683f27c9b03369d712ad32bc2efc3285	0	0	36	0	0	0	0	0	0	0	0	0	0	0	0	0	0	0	0	0	0	0	0	0	0	0	0	0	0	0	0	0
4c0244f562639cd0f96c554478c3a1a9	0	0	0	0	0	0	0	0	0	0	0	0	0	0	0	0	0	0	0	0	0	0	0	0	0	0	0	0	36	0	0	0
868b77eb5c7d1889d1186f36b0c8e56a	0	0	0	0	0	0	0	35	0	0	0	0	0	0	0	0	0	0	0	0	0	0	0	0	0	0	0	0	0	0	0	0
5f94086296e5d0d07919f75af81b80d1	0	0	0	0	0	0	0	0	0	13	22	0	0	0	0	0	0	0	0	0	0	0	0	0	0	0	0	0	0	0	0	0
b7b96fc5876ddf08fc6f8a8b3645c2b7	0	0	0	0	0	0	0	0	0	0	0	0	16	0	0	0	0	0	0	19	0	0	0	0	0	0	0	0	0	0	0	0
067af6566ced4344a5d8487c03709a3b	0	0	0	0	0	0	26	0	0	0	0	0	0	0	0	0	0	0	0	0	0	0	0	0	0	0	9	0	0	0	0	0
eb61b341f43263a8a1cf86a30bbee28b	0	0	0	0	0	0	0	0	0	0	0	0	0	0	0	0	0	0	0	0	0	35	0	0	0	0	0	0	0	0	0	0
5db673f0e09be1d33d8922cf857dc402	0	0	0	0	0	0	0	0	0	0	0	0	0	0	0	0	0	0	0	35	0	0	0	0	0	0	0	0	0	0	0	0
cbe3ebce0f2ec06911ca9e558d508f31	0	0	0	0	0	0	0	0	0	0	0	0	0	0	0	0	0	0	0	0	0	0	34	0	0	0	0	0	0	0	0	0
6408c1180b9dc445e78fd07a68de914a	0	0	0	0	0	0	13	0	0	0	0	0	0	0	0	0	0	0	0	0	0	0	0	21	0	0	0	0	0	0	0	0
02a0a4856c7072fb58497808935c6fe1	0	0	0	0	0	0	0	0	0	0	0	0	0	0	0	0	0	0	0	0	0	24	0	0	10	0	0	0	0	0	0	0
cffebf051364e7885d9eada11a699958	34	0	0	0	0	0	0	0	0	0	0	0	0	0	0	0	0	0	0	0	0	0	0	0	0	0	0	0	0	0	0	0
7a67e38791e3c2458b70e54e0ca79438	0	0	0	0	0	0	0	0	0	0	0	0	34	0	0	0	0	0	0	0	0	0	0	0	0	0	0	0	0	0	0	0
614950e0e08dfcc8d2b8c7877f5ba3a4	0	0	0	0	0	0	0	0	0	0	0	0	0	0	0	0	0	0	0	0	0	0	0	0	0	0	34	0	0	0	0	0
d8863d04bb61a1779e5b6d44ee7f6f0b	0	0	0	0	0	0	0	0	0	0	0	0	0	0	0	0	0	14	0	0	0	0	0	0	0	0	0	0	20	0	0	0
c92af5880600bf43bc3ab87b6d5103f5	0	0	0	0	0	0	0	0	0	0	0	0	0	0	0	0	0	0	34	0	0	0	0	0	0	0	0	0	0	0	0	0
ad5d082b0a8a1171aee031c65f8c7d27	0	0	0	0	0	0	0	0	0	0	0	0	0	0	0	0	0	0	0	34	0	0	0	0	0	0	0	0	0	0	0	0
a487653a8a4441c589dd56a3eab9f3be	0	0	0	0	0	0	0	0	0	0	0	0	0	0	0	0	0	0	0	0	0	33	0	0	0	0	0	0	0	0	0	0
29c16acd3ee197be8d0e5c4af4c5767c	0	0	0	0	0	0	0	0	4	0	0	0	0	0	0	0	0	0	0	0	0	8	0	20	0	0	0	0	0	0	0	0
d1959deb92711b8141be3e441877af87	0	0	0	0	0	0	0	0	0	0	0	0	0	0	0	0	0	0	0	0	0	0	0	0	32	0	0	0	0	0	0	0
c9b4c6b19c4ab8f12a48d15d10023ea8	32	0	0	0	0	0	0	0	0	0	0	0	0	0	0	0	0	0	0	0	0	0	0	0	0	0	0	0	0	0	0	0
04c1d1ccb07ce48fee445e08fe7fc3cb	32	0	0	0	0	0	0	0	0	0	0	0	0	0	0	0	0	0	0	0	0	0	0	0	0	0	0	0	0	0	0	0
6a80f03cc12f76f6dbc0d4d26be44fce	0	32	0	0	0	0	0	0	0	0	0	0	0	0	0	0	0	0	0	0	0	0	0	0	0	0	0	0	0	0	0	0
44e9ce4fd7f6ab95e61dd1a52d27152e	0	0	0	0	0	32	0	0	0	0	0	0	0	0	0	0	0	0	0	0	0	0	0	0	0	0	0	0	0	0	0	0
bd3bfb27e3a58744cd33e68da0bb4596	0	0	0	0	0	0	0	0	0	0	0	0	0	0	0	0	0	0	0	0	0	0	0	31	0	0	0	0	0	0	0	0
29d3c38e8650d1c3ade87b8072c5ae20	0	0	0	0	0	0	0	0	0	0	0	0	0	0	0	0	0	0	0	0	0	0	0	0	31	0	0	0	0	0	0	0
e1141b4b29deb36b6db34af9282af152	31	0	0	0	0	0	0	0	0	0	0	0	0	0	0	0	0	0	0	0	0	0	0	0	0	0	0	0	0	0	0	0
59276dcd9ada9f47cad190927624edd0	31	0	0	0	0	0	0	0	0	0	0	0	0	0	0	0	0	0	0	0	0	0	0	0	0	0	0	0	0	0	0	0
cab56322f8fc9052f9e3434478586105	0	0	0	0	0	0	0	0	0	0	0	0	0	0	0	0	0	0	31	0	0	0	0	0	0	0	0	0	0	0	0	0
370e2f634d8fcdc4a952f47f6742c738	0	0	0	0	31	0	0	0	0	0	0	0	0	0	0	0	0	0	0	0	0	0	0	0	0	0	0	0	0	0	0	0
91c271f51a034a7a53158042c56cd4fa	0	0	0	0	0	0	0	0	0	0	0	0	30	0	0	0	0	0	0	0	0	0	0	0	0	0	0	0	0	0	0	0
08aab85783a7fb7dfed3873e085b1729	0	0	0	0	0	0	30	0	0	0	0	0	0	0	0	0	0	0	0	0	0	0	0	0	0	0	0	0	0	0	0	0
9bc18410f895c6e68d2bd52f9a39c1c9	0	0	0	0	0	0	0	29	0	0	0	0	0	0	0	0	0	0	0	0	0	0	0	0	0	0	0	0	0	0	0	0
d498b348421fbeb868e78fd72bf897bd	0	0	0	0	0	0	0	29	0	0	0	0	0	0	0	0	0	0	0	0	0	0	0	0	0	0	0	0	0	0	0	0
71d86ab4182e7edcd794375e69fb9d3c	0	0	0	0	0	0	20	0	0	0	0	0	0	0	0	0	0	0	0	0	9	0	0	0	0	0	0	0	0	0	0	0
fde38008cafe5ff379d4c1646032d5ab	0	24	0	0	0	0	0	0	0	0	0	0	5	0	0	0	0	0	0	0	0	0	0	0	0	0	0	0	0	0	0	0
39c679ff10f5ed786b6df011c108ba18	0	0	0	0	0	29	0	0	0	0	0	0	0	0	0	0	0	0	0	0	0	0	0	0	0	0	0	0	0	0	0	0
7f679f4d163760b30ef9e0dc9594f5ae	0	0	0	0	0	0	0	0	0	0	0	0	0	0	0	0	0	0	0	29	0	0	0	0	0	0	0	0	0	0	0	0
3b8de6f0efa3401bc883d169f869ba87	0	0	0	0	0	0	0	0	0	0	0	0	0	0	0	0	8	0	0	0	0	0	0	0	20	0	0	0	0	0	0	0
9e17665dfbecb8f13f84b682045bbb81	0	0	0	0	0	0	0	0	0	0	0	0	0	0	0	0	0	0	0	0	28	0	0	0	0	0	0	0	0	0	0	0
0a0a90ac159beb51aa047f433815ff6e	0	0	0	0	0	0	0	0	0	0	0	0	0	0	0	28	0	0	0	0	0	0	0	0	0	0	0	0	0	0	0	0
ef07ce34ae78f0545b3f55bff952aad4	0	0	0	0	0	0	0	0	0	0	0	0	0	0	0	0	0	0	0	0	0	0	0	0	0	0	0	28	0	0	0	0
c2e30253e92413cf01c2a150cb0d2d26	0	0	0	0	0	0	0	0	0	0	0	0	0	0	0	0	0	0	10	0	0	0	0	0	0	0	0	0	18	0	0	0
edc950812c3988d052cef5368986382b	0	0	0	0	0	0	0	0	0	0	0	0	0	0	0	0	0	0	0	0	0	0	0	0	0	0	0	0	0	28	0	0
08678f8a0b7efc2bdc492c6c7cb5b488	0	0	0	0	0	0	0	0	0	0	0	0	0	0	0	0	0	0	0	28	0	0	0	0	0	0	0	0	0	0	0	0
a5dd882b4a1e48909e5c51966530bf29	0	0	0	0	0	0	28	0	0	0	0	0	0	0	0	0	0	0	0	0	0	0	0	0	0	0	0	0	0	0	0	0
5e47e70a035f0fd1a0886b1fff782db4	0	0	0	0	0	0	0	0	0	0	0	0	0	0	0	0	0	0	0	0	0	0	27	0	0	0	0	0	0	0	0	0
c14335d8a4eb7a3123721b6848a98cce	0	0	0	0	0	0	0	0	0	0	0	27	0	0	0	0	0	0	0	0	0	0	0	0	0	0	0	0	0	0	0	0
05f5fa81f8f49d836d81353105d44b47	27	0	0	0	0	0	0	0	0	0	0	0	0	0	0	0	0	0	0	0	0	0	0	0	0	0	0	0	0	0	0	0
1731deb3af733e800a7eb76672f26a93	0	0	0	0	0	0	0	0	0	0	0	0	0	0	0	0	0	0	0	0	0	0	0	0	0	27	0	0	0	0	0	0
1ee82c805bf01f801b44485c9187ccdf	0	0	0	0	0	0	0	0	0	0	0	0	27	0	0	0	0	0	0	0	0	0	0	0	0	0	0	0	0	0	0	0
44a942b69a980b0f71708f39677e0fab	0	5	18	0	0	0	0	0	0	0	0	0	0	0	0	0	0	4	0	0	0	0	0	0	0	0	0	0	0	0	0	0
9878bade8a2c55481ba510b0d9c829f1	0	0	0	0	0	0	0	0	0	0	0	0	0	0	0	0	0	0	0	0	0	0	0	0	0	0	0	27	0	0	0	0
d8fcec748d5b8a8b114ac7deeefcfe53	0	0	0	0	0	0	0	0	0	0	0	0	0	0	0	0	0	0	0	0	0	0	0	0	0	0	0	0	27	0	0	0
21ef9d3f8f441122ece54e5ae3f4eab6	0	0	0	0	0	0	0	0	0	0	0	0	0	0	0	0	0	27	0	0	0	0	0	0	0	0	0	0	0	0	0	0
1e7d7ab6896f72b82f63973a6e0d83fe	0	0	0	0	0	0	0	0	0	26	0	0	0	0	0	0	0	0	0	0	0	0	0	0	0	0	0	0	0	0	0	0
6251020230e02343758aba3a3f8bad71	0	0	0	0	0	0	0	0	0	0	0	0	0	0	0	0	0	0	0	0	0	0	0	0	26	0	0	0	0	0	0	0
74806ea680df31b5480433d8a0a2ccc1	0	0	0	0	0	0	0	0	0	0	26	0	0	0	0	0	0	0	0	0	0	0	0	0	0	0	0	0	0	0	0	0
44980a1cb00cdc780899b0378c8dd0fc	0	0	0	0	0	0	0	0	0	0	0	26	0	0	0	0	0	0	0	0	0	0	0	0	0	0	0	0	0	0	0	0
b5776a5100cc140427ebe717d1371201	26	0	0	0	0	0	0	0	0	0	0	0	0	0	0	0	0	0	0	0	0	0	0	0	0	0	0	0	0	0	0	0
ab428a175a52ea29527771d9b8821d19	8	0	0	0	0	0	0	0	0	0	0	0	0	0	0	0	0	0	0	18	0	0	0	0	0	0	0	0	0	0	0	0
6845299998229b8b4b17c945f9c1dbaa	0	26	0	0	0	0	0	0	0	0	0	0	0	0	0	0	0	0	0	0	0	0	0	0	0	0	0	0	0	0	0	0
c8f922082321f6eb2bf39578f07dc973	0	0	0	0	0	0	0	0	0	0	0	0	0	0	0	0	0	0	0	0	0	26	0	0	0	0	0	0	0	0	0	0
452afb6e36f623626dbf48eb303f997b	0	0	0	0	0	0	0	0	0	0	0	0	0	0	0	0	0	0	0	0	0	26	0	0	0	0	0	0	0	0	0	0
df65183d6a2775bdbfec3bf632d9d62e	0	0	0	0	0	0	0	0	0	0	0	0	0	0	0	0	0	0	0	0	0	0	0	0	0	0	0	0	26	0	0	0
835e658a82f389a4fb813fadc500328d	0	0	0	0	0	0	0	0	0	0	0	0	0	0	0	0	0	23	0	0	0	0	0	0	0	0	0	0	0	3	0	0
015ab7428f463c4506b330da6113a93b	0	0	0	0	0	0	26	0	0	0	0	0	0	0	0	0	0	0	0	0	0	0	0	0	0	0	0	0	0	0	0	0
d83c39ddbe0b725897bd057ad9d087ef	0	0	0	0	0	0	5	0	0	0	0	0	0	0	0	0	0	0	0	0	0	0	3	17	0	0	0	0	0	0	0	0
9faecddad5da93a305052f07d646e038	0	0	0	0	0	0	0	0	0	0	0	0	0	0	0	0	0	0	0	0	25	0	0	0	0	0	0	0	0	0	0	0
35e6e57baa0c1d0af88ae6e5ce261a4b	0	0	0	0	0	0	0	0	0	0	0	0	0	0	0	25	0	0	0	0	0	0	0	0	0	0	0	0	0	0	0	0
06105fb1021269d24607a6a725e49432	0	0	0	0	0	0	0	0	0	0	0	0	0	0	0	0	0	0	0	0	0	0	0	0	0	0	25	0	0	0	0	0
2d0555a7ca5b721b50e38627494f4f7e	0	0	0	0	0	0	0	0	0	0	0	0	0	0	25	0	0	0	0	0	0	0	0	0	0	0	0	0	0	0	0	0
558aaacd9d7c400be5d9fa24aa89b351	0	0	0	0	0	0	0	0	0	0	0	0	0	0	0	0	0	0	0	0	0	25	0	0	0	0	0	0	0	0	0	0
a4ab3e93e5fcf2acd52f6ec1980b0617	0	0	0	0	0	0	0	0	0	0	0	0	0	0	0	0	0	0	25	0	0	0	0	0	0	0	0	0	0	0	0	0
eed1a991af3cda3213a294e667341f6c	0	0	0	0	0	0	0	0	0	0	0	0	0	0	0	0	0	0	25	0	0	0	0	0	0	0	0	0	0	0	0	0
79fdba0ab720ae9923089e5a6d1ab6cd	0	0	0	0	0	0	0	0	0	0	0	0	0	0	0	0	0	0	0	25	0	0	0	0	0	0	0	0	0	0	0	0
dc57f26851f91b230d13c784ff091d86	0	0	0	0	25	0	0	0	0	0	0	0	0	0	0	0	0	0	0	0	0	0	0	0	0	0	0	0	0	0	0	0
f5dfce84be25d9d4b22b5741f707067c	0	0	0	0	0	0	0	0	0	24	0	0	0	0	0	0	0	0	0	0	0	0	0	0	0	0	0	0	0	0	0	0
377296b8b0329e26b2e05329a42a678a	0	0	0	0	0	0	0	0	0	0	0	24	0	0	0	0	0	0	0	0	0	0	0	0	0	0	0	0	0	0	0	0
5fd5b7f57f7b0edcd993c5fd4a35bc95	0	0	0	0	0	0	0	0	0	0	0	0	24	0	0	0	0	0	0	0	0	0	0	0	0	0	0	0	0	0	0	0
5a33253cf4fe679507af8f447450c829	0	0	0	0	0	0	0	0	0	0	0	0	24	0	0	0	0	0	0	0	0	0	0	0	0	0	0	0	0	0	0	0
3e22988ba9f30aff1ea06bdfed32fa42	0	0	0	0	0	0	0	0	0	0	0	0	0	0	0	0	0	0	0	0	0	0	0	0	0	0	24	0	0	0	0	0
fc082693e71cb6d146860427fd71bbd4	0	0	0	0	0	0	0	0	0	0	0	0	0	0	0	0	0	0	0	0	0	0	0	0	0	0	0	24	0	0	0	0
c5f154f4ccad8602f261ddad06f64bad	0	0	0	0	0	0	0	0	0	0	0	0	0	0	0	0	24	0	0	0	0	0	0	0	0	0	0	0	0	0	0	0
b78d5967e3d7738951285fa052016979	0	0	0	0	0	0	0	0	0	0	0	0	0	0	0	0	0	0	0	0	0	0	0	0	0	0	0	0	24	0	0	0
b237acb7c9ea317b7038f24d96d5d302	0	0	0	0	8	16	0	0	0	0	0	0	0	0	0	0	0	0	0	0	0	0	0	0	0	0	0	0	0	0	0	0
64bdbbf2b1ccf6a53849ac17fea74208	0	0	0	0	24	0	0	0	0	0	0	0	0	0	0	0	0	0	0	0	0	0	0	0	0	0	0	0	0	0	0	0
657505991426e4d218b6bf1e11a41f15	0	0	0	0	0	0	24	0	0	0	0	0	0	0	0	0	0	0	0	0	0	0	0	0	0	0	0	0	0	0	0	0
37b8dd4f1177b3e8470567e84b7a2d16	0	0	0	0	0	0	24	0	0	0	0	0	0	0	0	0	0	0	0	0	0	0	0	0	0	0	0	0	0	0	0	0
65d1a3aeee66e45e3c830c84a66ff356	0	0	0	0	0	0	16	0	0	0	0	0	0	0	0	0	0	0	0	0	0	0	7	0	0	0	0	0	0	0	0	0
ee1123ffb5ee0c7cf563cb3d1dbbbae7	23	0	0	0	0	0	0	0	0	0	0	0	0	0	0	0	0	0	0	0	0	0	0	0	0	0	0	0	0	0	0	0
1ffdb023e8a5c9f2d49ba326669ac88a	23	0	0	0	0	0	0	0	0	0	0	0	0	0	0	0	0	0	0	0	0	0	0	0	0	0	0	0	0	0	0	0
5c4fbf96f07e5d5e2679ce3c1eeb3fab	0	0	0	0	0	0	0	0	0	0	0	0	23	0	0	0	0	0	0	0	0	0	0	0	0	0	0	0	0	0	0	0
45d9123cb8469d0dac5af996c4c9bedb	0	0	0	0	0	0	0	0	0	0	0	0	0	0	23	0	0	0	0	0	0	0	0	0	0	0	0	0	0	0	0	0
db6f5f25f3eeb3e7be7cad3cf41782a2	0	0	0	0	0	0	0	0	0	0	0	0	0	0	0	0	0	0	0	0	0	0	0	0	0	0	0	0	23	0	0	0
5a5a47286d4699ba232d1a528bf0f044	0	0	0	0	0	23	0	0	0	0	0	0	0	0	0	0	0	0	0	0	0	0	0	0	0	0	0	0	0	0	0	0
e40d258cab080b640454b24141485d03	0	0	0	0	0	0	0	0	0	0	0	0	0	0	0	0	0	0	23	0	0	0	0	0	0	0	0	0	0	0	0	0
e80d4f8805b37bdbe2ccfc32f63e00f2	0	0	0	0	0	0	0	0	0	0	0	0	0	0	0	0	0	0	0	23	0	0	0	0	0	0	0	0	0	0	0	0
83af58e38d149b822866019f1a893832	0	0	0	0	0	0	0	0	0	0	0	0	0	0	0	0	0	0	0	0	0	0	0	0	0	0	0	0	0	0	23	0
5a755455ee67e9e344b729244cfe0a56	0	0	0	0	0	0	0	0	0	0	0	0	0	0	0	0	0	0	0	0	0	0	17	0	0	0	5	0	0	0	0	0
8846ef2887d8b561e47b592294770617	0	0	0	0	0	0	0	0	0	22	0	0	0	0	0	0	0	0	0	0	0	0	0	0	0	0	0	0	0	0	0	0
309991fe27d49892ba60f9e60e2c2efd	0	0	0	0	0	0	0	0	0	0	22	0	0	0	0	0	0	0	0	0	0	0	0	0	0	0	0	0	0	0	0	0
50144c0d91ba1c732520f0e45c26a163	22	0	0	0	0	0	0	0	0	0	0	0	0	0	0	0	0	0	0	0	0	0	0	0	0	0	0	0	0	0	0	0
fb8f56cf976c5749e95a5aa21bdee5bf	22	0	0	0	0	0	0	0	0	0	0	0	0	0	0	0	0	0	0	0	0	0	0	0	0	0	0	0	0	0	0	0
2e383d3d9df9d90e93d993a1c809cf3c	22	0	0	0	0	0	0	0	0	0	0	0	0	0	0	0	0	0	0	0	0	0	0	0	0	0	0	0	0	0	0	0
32e50b1f222260e9e1e2509f0eee769a	0	0	0	0	0	0	0	0	0	0	0	0	22	0	0	0	0	0	0	0	0	0	0	0	0	0	0	0	0	0	0	0
ddf9f2022bdf6453e5cc00298f754812	0	0	0	0	0	0	0	0	0	0	0	0	22	0	0	0	0	0	0	0	0	0	0	0	0	0	0	0	0	0	0	0
a156661b132e6f387c68ccba31b527a0	0	0	0	0	0	0	0	0	0	0	0	0	0	22	0	0	0	0	0	0	0	0	0	0	0	0	0	0	0	0	0	0
1c6a0eaf89a257abfa79395b5346e49a	0	0	0	0	0	0	0	0	0	0	0	0	0	0	0	0	0	0	0	0	0	0	0	0	0	0	22	0	0	0	0	0
0abeabc9117379d96e3ba1bec5f26f99	0	0	0	0	0	22	0	0	0	0	0	0	0	0	0	0	0	0	0	0	0	0	0	0	0	0	0	0	0	0	0	0
9b31dd1fb80f5ce2fdece58152c9f755	0	0	0	0	0	0	0	0	0	0	0	0	0	0	0	0	0	0	22	0	0	0	0	0	0	0	0	0	0	0	0	0
7645f814e55cc97db9a46ce83ed43d27	0	0	0	0	22	0	0	0	0	0	0	0	0	0	0	0	0	0	0	0	0	0	0	0	0	0	0	0	0	0	0	0
03afc7c657dc2be81456554a22f9da0d	0	0	0	0	0	0	0	0	0	0	0	0	0	0	0	0	0	0	0	0	0	0	21	0	0	0	0	0	0	0	0	0
bf7a43753fb2ec5ede0d42f725829228	0	0	0	0	0	0	8	0	0	13	0	0	0	0	0	0	0	0	0	0	0	0	0	0	0	0	0	0	0	0	0	0
21d0267ebc13e37321cd5537fe71d261	0	0	0	0	0	0	0	0	0	0	0	0	0	0	0	21	0	0	0	0	0	0	0	0	0	0	0	0	0	0	0	0
ce1458b81bec9ce55b75cbd624e8a663	0	0	0	0	0	0	0	0	0	0	0	0	6	0	0	0	0	0	0	0	0	0	0	0	0	0	0	15	0	0	0	0
870f739284ec8c2aa9f0fd1441bb97af	0	21	0	0	0	0	0	0	0	0	0	0	0	0	0	0	0	0	0	0	0	0	0	0	0	0	0	0	0	0	0	0
857b49532eaa92315e821d94f2ba650d	0	0	0	0	0	0	16	0	0	0	0	0	0	5	0	0	0	0	0	0	0	0	0	0	0	0	0	0	0	0	0	0
09bd5ef7d7c5aad8aa21510be7a1d1a1	0	0	0	0	0	0	0	0	0	0	0	0	0	0	0	0	0	0	0	0	0	0	0	0	0	0	0	0	21	0	0	0
471a1425df4dcc928cb24c4738c5682f	0	0	0	0	0	0	0	0	0	0	0	0	0	0	0	0	0	0	21	0	0	0	0	0	0	0	0	0	0	0	0	0
07ba75b1de0bc48fa389957add1d5758	0	0	0	0	0	0	0	0	0	0	0	0	0	0	0	0	0	0	0	21	0	0	0	0	0	0	0	0	0	0	0	0
1ebf82770d39e7dea4cdd6525d634ae2	0	0	0	0	0	0	0	0	0	0	0	0	0	0	0	0	0	0	0	0	0	0	20	0	0	0	0	0	0	0	0	0
5ecf150939cd2e7b76556cb5b8d8c1ee	0	0	2	0	0	0	3	0	0	15	0	0	0	0	0	0	0	0	0	0	0	0	0	0	0	0	0	0	0	0	0	0
a6005054112cddf8b557e9ab4504480a	0	0	0	0	0	0	0	0	0	0	0	0	0	0	0	20	0	0	0	0	0	0	0	0	0	0	0	0	0	0	0	0
76bd32dbc24ca4d265a96c25141e2f5b	0	0	0	0	0	0	0	0	0	0	0	0	0	0	0	20	0	0	0	0	0	0	0	0	0	0	0	0	0	0	0	0
fd67f2f128cf0b749f31e266a0809fdd	0	0	0	0	0	0	0	0	0	0	0	0	20	0	0	0	0	0	0	0	0	0	0	0	0	0	0	0	0	0	0	0
18088a2b648bffd27f602ece72338109	0	20	0	0	0	0	0	0	0	0	0	0	0	0	0	0	0	0	0	0	0	0	0	0	0	0	0	0	0	0	0	0
d81ce0b97d3c2f639c1cab5c39946348	0	0	0	0	0	0	0	0	0	0	0	0	0	20	0	0	0	0	0	0	0	0	0	0	0	0	0	0	0	0	0	0
0d1dd9b29484ccdfb1322324884db43d	0	0	0	0	0	0	0	0	0	0	0	0	0	0	0	0	0	0	0	0	0	0	0	0	0	0	0	20	0	0	0	0
0cb497b4a6226714d37116765287b6ba	0	0	0	0	0	0	0	0	0	0	0	0	0	0	0	0	0	0	0	0	0	0	0	0	0	0	0	0	20	0	0	0
b499c027e63d508215fcb64b659a169c	0	0	0	0	0	0	0	0	0	0	0	0	0	0	0	0	0	0	0	0	0	0	0	0	0	0	0	0	20	0	0	0
8679b6be54aa0642ac0ef0c968271674	0	0	0	20	0	0	0	0	0	0	0	0	0	0	0	0	0	0	0	0	0	0	0	0	0	0	0	0	0	0	0	0
181e0ba2727b9703d7602ea43b9e950c	0	0	0	0	0	20	0	0	0	0	0	0	0	0	0	0	0	0	0	0	0	0	0	0	0	0	0	0	0	0	0	0
84756b92e66b06aed928d2ada2b100fa	0	0	0	0	0	0	0	0	0	0	0	0	0	0	0	0	0	0	0	20	0	0	0	0	0	0	0	0	0	0	0	0
63cd95c5ff941f9474c32ef36b690851	0	0	0	0	0	0	20	0	0	0	0	0	0	0	0	0	0	0	0	0	0	0	0	0	0	0	0	0	0	0	0	0
61ce7d90f6459c2b0a50399e98efc1d8	0	0	0	0	0	0	0	0	0	19	0	0	0	0	0	0	0	0	0	0	0	0	0	0	0	0	0	0	0	0	0	0
d9889f6e2932d02c942d56e9afaa7504	0	0	0	0	0	0	0	0	0	0	0	0	0	0	0	0	0	0	0	0	0	0	0	0	19	0	0	0	0	0	0	0
9344874dae1668447499f7adb80f03c5	0	0	0	0	0	0	0	0	0	0	0	0	19	0	0	0	0	0	0	0	0	0	0	0	0	0	0	0	0	0	0	0
2be047667538d1fe3544b8a4504d452b	0	19	0	0	0	0	0	0	0	0	0	0	0	0	0	0	0	0	0	0	0	0	0	0	0	0	0	0	0	0	0	0
1f40371d3cd4ba3f55dc21ff42f26b2f	0	0	0	0	0	0	0	0	0	0	0	0	0	0	19	0	0	0	0	0	0	0	0	0	0	0	0	0	0	0	0	0
d39d0af5fe0a145f9b027b9910d99679	0	0	0	0	0	0	0	0	0	0	0	0	0	0	0	0	0	0	0	0	0	19	0	0	0	0	0	0	0	0	0	0
2ac7875d3db8eca3b7503b1c06c4384a	0	0	0	0	0	0	0	0	0	0	0	0	0	0	0	0	0	0	0	0	0	0	0	0	0	0	0	19	0	0	0	0
db695b4701bfb4bbdd55a7db7a5d516a	0	0	0	0	0	0	0	0	0	0	0	0	0	0	0	0	0	0	19	0	0	0	0	0	0	0	0	0	0	0	0	0
3564f0e1036ef12a4ec713db1fcbe92c	0	0	0	0	0	0	0	0	0	0	0	0	0	0	0	0	0	0	0	19	0	0	0	0	0	0	0	0	0	0	0	0
7f3735518814f352402a68b64ac7c74d	0	0	0	0	0	0	19	0	0	0	0	0	0	0	0	0	0	0	0	0	0	0	0	0	0	0	0	0	0	0	0	0
532f71da33a05ad539ee3051dd75b999	0	0	0	0	0	0	0	0	0	0	0	0	0	0	0	0	0	0	0	0	0	0	18	0	0	0	0	0	0	0	0	0
b499309c7e75b08ebd94df5ed2df9cba	0	0	0	0	0	0	0	0	0	0	0	0	0	0	0	0	0	0	0	0	0	0	0	0	18	0	0	0	0	0	0	0
3cae706c937e60b409a23f5050926a5e	18	0	0	0	0	0	0	0	0	0	0	0	0	0	0	0	0	0	0	0	0	0	0	0	0	0	0	0	0	0	0	0
2ac2717111cdb278d27796adadff99bd	18	0	0	0	0	0	0	0	0	0	0	0	0	0	0	0	0	0	0	0	0	0	0	0	0	0	0	0	0	0	0	0
4c08c20a6ce02aa386de7856d7bbac2c	18	0	0	0	0	0	0	0	0	0	0	0	0	0	0	0	0	0	0	0	0	0	0	0	0	0	0	0	0	0	0	0
b1dff15eac4f9ca39173d3892fd01ab0	0	0	0	0	0	0	0	0	0	0	0	0	18	0	0	0	0	0	0	0	0	0	0	0	0	0	0	0	0	0	0	0
0f7b3fbe7009086c3e2f3c74acd3bd82	0	18	0	0	0	0	0	0	0	0	0	0	0	0	0	0	0	0	0	0	0	0	0	0	0	0	0	0	0	0	0	0
bc89f7006a230ed3deee975d00615f8d	0	18	0	0	0	0	0	0	0	0	0	0	0	0	0	0	0	0	0	0	0	0	0	0	0	0	0	0	0	0	0	0
ff233088960524e29f1a39252c087f52	0	0	0	0	0	0	0	0	0	0	0	0	0	0	0	0	0	0	0	0	0	0	0	0	0	0	18	0	0	0	0	0
d631be38a75c03851a4d91f163f98a0e	0	0	5	0	0	0	0	0	0	0	0	0	0	0	13	0	0	0	0	0	0	0	0	0	0	0	0	0	0	0	0	0
8a8681bd58fa527cb40dc43c44a5f7cc	0	0	0	0	0	0	0	0	0	0	0	0	0	0	0	0	0	0	0	0	0	0	0	0	0	0	0	18	0	0	0	0
463c4ba5008e06f73239d04629744b68	0	0	0	0	0	0	0	0	0	0	0	0	0	0	0	0	0	0	0	0	0	0	0	0	0	0	0	0	18	0	0	0
61bd7fc2db8b08845f99e2c010611ad2	0	0	0	0	0	0	0	0	0	0	0	0	0	0	0	0	0	0	0	0	0	0	0	0	0	0	0	0	18	0	0	0
3bc7df3286d1ad71b5f067e5b58a0f27	0	0	0	0	0	0	0	0	0	0	0	0	0	0	0	0	0	18	0	0	0	0	0	0	0	0	0	0	0	0	0	0
895ce64a85c649e5870804b2610179f7	0	0	0	0	0	18	0	0	0	0	0	0	0	0	0	0	0	0	0	0	0	0	0	0	0	0	0	0	0	0	0	0
326d993374ca81f6634e35b6bf957182	0	0	0	0	0	0	0	0	0	0	0	0	0	0	0	0	0	0	18	0	0	0	0	0	0	0	0	0	0	0	0	0
97b1a2004edf1598cca04af571448e24	0	0	0	0	0	0	0	0	0	0	0	0	0	0	0	0	0	0	0	18	0	0	0	0	0	0	0	0	0	0	0	0
abcd7717fa93128d9a38b1c3528671f2	0	0	0	0	0	0	0	0	0	0	0	0	0	0	0	0	0	0	0	18	0	0	0	0	0	0	0	0	0	0	0	0
da91a88db7d6bf7dfd8f5e9a904d8212	0	0	0	0	0	0	0	17	0	0	0	0	0	0	0	0	0	0	0	0	0	0	0	0	0	0	0	0	0	0	0	0
062bfdb772aada5dcb3192938ca9ab47	0	0	0	0	0	0	0	12	0	0	0	0	0	0	0	0	0	0	0	0	0	0	0	0	0	0	5	0	0	0	0	0
a0c5c14a12c595b1fc14676a42589e20	0	0	0	0	0	0	0	0	17	0	0	0	0	0	0	0	0	0	0	0	0	0	0	0	0	0	0	0	0	0	0	0
9163d7c15ea0bb7273ee2655870730dd	0	0	0	0	0	0	0	0	0	0	17	0	0	0	0	0	0	0	0	0	0	0	0	0	0	0	0	0	0	0	0	0
cef49d84f4f0463f5bdb5685994a1c6b	0	0	0	0	0	0	0	0	0	0	0	0	0	0	0	0	0	0	0	0	17	0	0	0	0	0	0	0	0	0	0	0
f7c71d8d47dfac094791da48f137553c	17	0	0	0	0	0	0	0	0	0	0	0	0	0	0	0	0	0	0	0	0	0	0	0	0	0	0	0	0	0	0	0
0f57f68b4a4f693b7c591a447a32e141	17	0	0	0	0	0	0	0	0	0	0	0	0	0	0	0	0	0	0	0	0	0	0	0	0	0	0	0	0	0	0	0
63859d0345994bd84058969426638a7a	17	0	0	0	0	0	0	0	0	0	0	0	0	0	0	0	0	0	0	0	0	0	0	0	0	0	0	0	0	0	0	0
56886206c11dceb56e3f14ddc700f4d8	0	0	0	0	0	0	0	0	0	0	0	0	0	0	0	17	0	0	0	0	0	0	0	0	0	0	0	0	0	0	0	0
e79c18ef765c9299b602f17bf788003a	0	17	0	0	0	0	0	0	0	0	0	0	0	0	0	0	0	0	0	0	0	0	0	0	0	0	0	0	0	0	0	0
e39412b6638323fc2e71e275d856e8fb	0	0	0	0	0	0	0	0	0	0	0	0	0	0	0	0	0	0	0	0	0	0	0	0	0	0	0	17	0	0	0	0
18b89269bb11626c4617ead8e61da2e3	0	0	0	0	0	0	0	0	0	0	0	0	0	0	0	0	0	17	0	0	0	0	0	0	0	0	0	0	0	0	0	0
aed8512554efe65d2b73384ae0fae492	0	0	0	0	0	0	0	0	0	0	0	0	0	0	0	0	0	17	0	0	0	0	0	0	0	0	0	0	0	0	0	0
6e0f0626ca6b658e85be64e79c4e061d	0	0	0	0	0	0	0	0	0	0	0	0	0	0	0	0	0	0	0	0	0	0	0	0	0	0	0	0	0	17	0	0
e277478a7866c05c285763e794eaab7b	0	0	0	0	0	0	0	0	0	0	0	0	0	0	0	0	0	0	0	17	0	0	0	0	0	0	0	0	0	0	0	0
d0b5436a37db5ac1aa45ba9a06d4da4e	0	0	0	0	0	0	0	0	0	0	0	0	0	0	0	0	0	0	0	17	0	0	0	0	0	0	0	0	0	0	0	0
20e5178f5f1263bf2eb1ba1fbd7cffa1	0	0	0	0	0	0	0	0	10	6	0	0	0	0	0	0	0	0	0	0	0	0	0	0	0	0	0	0	0	0	0	0
da1346376d3ae7ad58668432f6707fc7	0	0	0	0	0	0	0	0	0	0	0	0	0	0	0	0	0	0	0	0	0	0	16	0	0	0	0	0	0	0	0	0
8cf92dd15958934f02f560f95d3cf961	0	0	0	0	0	0	0	0	0	16	0	0	0	0	0	0	0	0	0	0	0	0	0	0	0	0	0	0	0	0	0	0
8ff24d4268866abbcfe74fb978103f78	0	0	0	0	0	0	0	0	0	0	0	0	0	0	0	0	0	0	0	0	0	0	0	0	16	0	0	0	0	0	0	0
4b5ae2678019acf25c6171cad20fc609	0	0	0	0	0	0	0	0	0	0	16	0	0	0	0	0	0	0	0	0	0	0	0	0	0	0	0	0	0	0	0	0
88ddffd58853320b10beb99e90c3b507	0	0	0	0	0	0	0	0	0	0	0	0	0	0	0	0	0	0	0	0	0	0	0	0	0	16	0	0	0	0	0	0
c36670d1733f0c154d4fb839cd2f5bde	0	0	0	0	0	0	0	0	0	0	0	0	16	0	0	0	0	0	0	0	0	0	0	0	0	0	0	0	0	0	0	0
de7cf722c01a00e4fb5663cbda247c04	0	16	0	0	0	0	0	0	0	0	0	0	0	0	0	0	0	0	0	0	0	0	0	0	0	0	0	0	0	0	0	0
09cb7e717d942e6ec70f20cba1ffbe0e	0	0	0	0	0	0	0	0	0	0	0	0	0	0	0	0	0	0	0	0	0	0	0	0	0	0	16	0	0	0	0	0
76c9608331c688c30011be4cff81bcef	0	0	0	0	0	0	0	0	0	0	0	0	0	0	0	0	0	0	0	0	0	16	0	0	0	0	0	0	0	0	0	0
b08420084ae51215620c8a56a20611ac	0	0	0	0	0	0	0	0	0	0	0	0	0	0	0	0	0	0	0	0	0	0	0	0	0	0	0	0	16	0	0	0
a2872120c6499071f75d78a31c345eba	0	0	0	16	0	0	0	0	0	0	0	0	0	0	0	0	0	0	0	0	0	0	0	0	0	0	0	0	0	0	0	0
09ebce323bf3de37baefdb138d6e799c	0	0	0	0	0	0	0	0	0	0	0	0	0	0	0	0	0	0	16	0	0	0	0	0	0	0	0	0	0	0	0	0
691e6efdbc3f869224b9eccfa2462ac1	0	0	0	0	16	0	0	0	0	0	0	0	0	0	0	0	0	0	0	0	0	0	0	0	0	0	0	0	0	0	0	0
b54c3c69cbec8909d5d5e48c89f3740f	0	0	0	0	0	0	0	0	0	0	0	0	0	0	0	0	0	0	0	0	0	0	0	0	0	0	0	0	0	0	16	0
8bab5ba190299e4118294b6b0a4345ab	0	0	0	0	0	0	0	0	0	0	0	0	13	0	0	0	0	0	0	0	2	0	0	0	0	0	0	0	0	0	0	0
de4320e21874112436fa0804acbbeb4a	0	0	0	0	0	0	0	0	0	0	0	0	0	0	0	15	0	0	0	0	0	0	0	0	0	0	0	0	0	0	0	0
0f41b169e52e57e26f52a66a053fba19	0	0	0	0	0	0	0	0	0	0	0	0	0	0	0	0	0	0	0	0	0	0	0	0	0	0	15	0	0	0	0	0
5c1a677d8743610c67f64f5c4e1136fa	0	0	0	0	0	0	0	0	0	0	0	0	0	0	15	0	0	0	0	0	0	0	0	0	0	0	0	0	0	0	0	0
56b3e07c476248f105e05f90c1944c8f	0	0	0	0	0	0	0	0	0	0	0	0	0	0	15	0	0	0	0	0	0	0	0	0	0	0	0	0	0	0	0	0
1b96e398debcf2e0982a53964df4e2a5	0	0	0	0	0	0	0	0	0	0	0	0	0	0	0	0	0	0	0	0	0	15	0	0	0	0	0	0	0	0	0	0
ba96a79be9afa3c6fb96aedc873b2930	0	0	0	0	0	0	0	0	0	0	0	0	0	0	0	0	0	0	0	0	0	0	0	0	0	0	0	0	15	0	0	0
af372805c2cf867a8114cfbe441a048f	0	0	0	0	0	0	0	0	0	0	0	0	0	0	0	0	0	0	0	15	0	0	0	0	0	0	0	0	0	0	0	0
2553a7f02292aa6940a5986a1ca88508	0	0	0	0	0	0	0	0	0	0	0	0	0	0	0	0	0	0	0	15	0	0	0	0	0	0	0	0	0	0	0	0
9e1af146e9ffa52e1415394d2c784116	0	0	0	0	0	0	0	0	0	0	0	0	0	0	0	0	0	0	0	0	0	0	0	0	0	0	0	0	0	0	15	0
0bfb3a58bd863a2fcfc8320cf57c1af8	0	0	0	0	0	0	0	14	0	0	0	0	0	0	0	0	0	0	0	0	0	0	0	0	0	0	0	0	0	0	0	0
a22f064206c6c8f3556a9897b9e81089	0	0	0	0	0	0	0	0	14	0	0	0	0	0	0	0	0	0	0	0	0	0	0	0	0	0	0	0	0	0	0	0
6231b9a2e29ca0c1bc6d7522f95b8a52	0	0	0	0	0	0	0	0	14	0	0	0	0	0	0	0	0	0	0	0	0	0	0	0	0	0	0	0	0	0	0	0
1eb5a14e8b2a9cd09b13e21ec3432d2a	0	0	0	0	0	0	0	0	14	0	0	0	0	0	0	0	0	0	0	0	0	0	0	0	0	0	0	0	0	0	0	0
546af4b0a1d7046ad77139450c56a3e6	0	0	0	0	0	0	0	0	0	0	0	0	0	0	0	0	0	0	0	0	0	0	14	0	0	0	0	0	0	0	0	0
2ecb7bf388def8fb80e0810d78958aaf	0	0	0	0	0	0	0	0	0	0	0	0	0	0	0	0	0	0	0	0	0	0	0	14	0	0	0	0	0	0	0	0
249327057b8f24c00a687a6b9dfb05a7	0	0	0	0	0	0	0	0	0	0	0	0	0	0	0	0	0	0	0	0	0	0	0	0	14	0	0	0	0	0	0	0
aec4a572f597b6fe2ab0a34e3daaabf1	0	0	0	0	0	0	0	0	0	0	0	0	0	0	0	0	0	0	0	0	14	0	0	0	0	0	0	0	0	0	0	0
c4f81b616f1c91f7c2cb1180597aaeaa	0	0	0	0	0	0	0	0	0	0	0	14	0	0	0	0	0	0	0	0	0	0	0	0	0	0	0	0	0	0	0	0
8206449992626b3ab84800a46acd8e97	0	0	0	0	0	0	0	0	0	0	0	0	14	0	0	0	0	0	0	0	0	0	0	0	0	0	0	0	0	0	0	0
cf4902e15b4b4406d95326895a81375c	0	14	0	0	0	0	0	0	0	0	0	0	0	0	0	0	0	0	0	0	0	0	0	0	0	0	0	0	0	0	0	0
4ab98e8e9ff5119ca59ab66b6597b84d	0	0	0	0	0	0	0	0	0	0	0	0	0	14	0	0	0	0	0	0	0	0	0	0	0	0	0	0	0	0	0	0
f7782244baba2a6ef639381d998970e1	0	0	0	0	0	0	0	0	0	0	0	0	0	0	14	0	0	0	0	0	0	0	0	0	0	0	0	0	0	0	0	0
e420b1d9e55e7d835599f37ebdb9ae2d	0	0	0	0	0	0	0	0	0	0	0	0	0	0	0	0	0	0	0	0	0	14	0	0	0	0	0	0	0	0	0	0
5cb604ae9081e2eecbe68b8f41f71730	0	0	0	0	0	0	0	0	0	0	0	0	0	0	0	0	14	0	0	0	0	0	0	0	0	0	0	0	0	0	0	0
0c220c739ced2c2f8bbe44796a560b7c	0	0	0	0	0	0	0	0	0	0	0	0	0	0	0	0	0	0	0	0	0	0	0	0	0	0	0	0	14	0	0	0
dd423742db04362a526ca2e8c88037f1	0	0	0	0	0	0	0	0	0	0	0	0	0	0	0	0	0	0	0	0	0	0	0	0	0	0	0	0	14	0	0	0
b9436a5c099251d045ef91e0a82c00e4	0	0	0	0	0	0	0	0	0	0	0	0	0	0	0	0	0	0	0	0	0	0	0	0	0	0	0	0	14	0	0	0
51ed3cfe9a8cb31d3824d33504ca28b7	0	0	0	0	0	0	0	0	0	0	0	0	0	0	0	0	0	0	0	0	0	0	0	0	0	0	0	0	14	0	0	0
804ca59f4b262dafc896b76e35bb2225	0	0	0	0	0	0	0	0	0	0	0	0	0	0	0	0	0	0	0	0	0	0	0	0	0	0	0	0	14	0	0	0
1581c7c7105818f4d1594e051e49c0fc	0	0	0	7	0	0	0	0	0	0	0	0	0	0	0	0	0	0	0	0	0	0	0	0	0	0	0	0	0	7	0	0
b9c53828e6b0bd0dff5972a55ecee9ce	0	0	0	0	0	0	14	0	0	0	0	0	0	0	0	0	0	0	0	0	0	0	0	0	0	0	0	0	0	0	0	0
4ed7733128aa1e3ca4672910fba9764a	0	0	0	0	0	0	0	0	0	0	0	0	0	0	0	0	0	0	0	0	0	0	0	0	0	0	0	0	0	0	0	14
7a194e9fe29f4e2d8f6de293f0fc8124	0	0	0	0	0	0	0	0	4	0	0	0	0	0	0	0	0	0	0	0	0	0	0	0	9	0	0	0	0	0	0	0
b82d318bd3ddf1ef2773d71d9fc91101	0	0	0	0	0	0	0	0	0	0	0	0	0	0	0	0	0	0	0	0	0	0	13	0	0	0	0	0	0	0	0	0
ab768b656ce48ecc2bc9ec93318aca51	0	0	0	0	0	0	0	0	0	0	0	0	0	0	0	0	0	0	0	0	0	0	0	13	0	0	0	0	0	0	0	0
5dbda91e6689f79db938deeb32a9bb03	0	0	0	0	0	0	0	0	0	13	0	0	0	0	0	0	0	0	0	0	0	0	0	0	0	0	0	0	0	0	0	0
0d6fa1268d31e81f0f21547e6731ca95	0	0	0	0	0	0	0	0	0	13	0	0	0	0	0	0	0	0	0	0	0	0	0	0	0	0	0	0	0	0	0	0
a20729ef74ef20a90bc7bbef1665f97b	0	0	0	0	0	0	0	0	0	13	0	0	0	0	0	0	0	0	0	0	0	0	0	0	0	0	0	0	0	0	0	0
21f6d59e81f1ac099db762a2f6cb483a	0	0	0	0	0	0	0	0	0	0	0	0	0	0	0	0	0	0	0	0	0	0	0	0	13	0	0	0	0	0	0	0
cda108964e49e48524e3aae1b72d20bc	13	0	0	0	0	0	0	0	0	0	0	0	0	0	0	0	0	0	0	0	0	0	0	0	0	0	0	0	0	0	0	0
f46717300efe95042bb2595badb5f354	13	0	0	0	0	0	0	0	0	0	0	0	0	0	0	0	0	0	0	0	0	0	0	0	0	0	0	0	0	0	0	0
a5a3dabe96950f865eb83cd7149df383	8	0	0	0	0	0	0	0	0	0	0	0	0	0	0	0	0	0	0	0	0	0	0	0	0	0	0	5	0	0	0	0
e2f9692cf395a6377ddf302d692b5a0a	0	0	0	0	0	0	0	0	0	0	0	0	0	0	0	13	0	0	0	0	0	0	0	0	0	0	0	0	0	0	0	0
4da559b243c92911fa6c25ea8092b540	0	0	0	0	0	0	0	0	0	0	0	0	0	0	0	13	0	0	0	0	0	0	0	0	0	0	0	0	0	0	0	0
5e9e04a01487ecfa3e1b64595d2e2a6d	0	13	0	0	0	0	0	0	0	0	0	0	0	0	0	0	0	0	0	0	0	0	0	0	0	0	0	0	0	0	0	0
15f71628b035cfc1fa9a23e586a6b65b	0	13	0	0	0	0	0	0	0	0	0	0	0	0	0	0	0	0	0	0	0	0	0	0	0	0	0	0	0	0	0	0
64edbccf2845aecf27a1bae00b14c2e8	0	0	0	0	0	0	0	0	0	0	0	0	0	0	13	0	0	0	0	0	0	0	0	0	0	0	0	0	0	0	0	0
45c4e5361ed0015cec5536ab7b891b49	0	0	0	0	0	0	0	0	0	0	0	0	0	0	0	0	0	0	0	0	0	0	0	0	0	0	0	13	0	0	0	0
39e4e8bc73941e8dadfa20100c6e32db	0	0	0	0	0	0	0	0	0	0	0	0	0	0	0	0	0	0	0	0	0	0	0	0	0	0	0	13	0	0	0	0
649906542f0034d8329fe6ab508929f5	0	0	0	0	0	0	0	0	0	0	0	0	0	0	0	0	0	0	0	0	0	0	0	0	0	0	0	0	13	0	0	0
7b274352dd28e2885071124de24eabdf	0	0	0	0	0	0	0	0	0	0	0	0	0	0	0	0	0	0	0	0	0	0	0	0	0	0	0	0	13	0	0	0
27e71fc72121b0b8da92c9fcdd1c7eaf	0	0	0	0	0	0	0	0	0	0	0	0	0	0	0	0	0	13	0	0	0	0	0	0	0	0	0	0	0	0	0	0
03e3c76de2557f0a2efee1f5db623e57	0	0	0	0	0	0	0	0	0	0	0	0	0	0	0	0	0	0	0	13	0	0	0	0	0	0	0	0	0	0	0	0
dc360a8309f88a9c9fc174537f9d6d6f	0	0	0	0	0	0	13	0	0	0	0	0	0	0	0	0	0	0	0	0	0	0	0	0	0	0	0	0	0	0	0	0
eb07c8d073e146f0d26c8b0cd05363b5	0	0	0	0	0	0	0	0	0	0	0	0	0	0	0	0	0	0	0	0	0	0	0	0	0	0	0	0	0	0	13	0
dee5efd867df56d76f3cb444484772d3	0	0	0	0	0	0	0	0	0	0	0	0	0	0	0	0	0	0	0	0	0	0	0	0	0	0	0	0	0	0	13	0
5011d2de3fee0141c18f09d0a116a6a3	0	0	0	0	0	0	0	0	0	12	0	0	0	0	0	0	0	0	0	0	0	0	0	0	0	0	0	0	0	0	0	0
86d04ecd5e41e0f79b96d7bd9bc8a2e5	0	0	0	0	0	0	0	0	0	0	12	0	0	0	0	0	0	0	0	0	0	0	0	0	0	0	0	0	0	0	0	0
17487a9b214d28f148ff3bb91f298d16	0	0	0	0	0	0	0	0	0	0	12	0	0	0	0	0	0	0	0	0	0	0	0	0	0	0	0	0	0	0	0	0
2f8398fa0ec70cfa8e5bbcc3d60b2c60	0	0	0	0	0	0	0	0	0	0	12	0	0	0	0	0	0	0	0	0	0	0	0	0	0	0	0	0	0	0	0	0
fdb9c021946bc38785a665b9e60e1006	12	0	0	0	0	0	0	0	0	0	0	0	0	0	0	0	0	0	0	0	0	0	0	0	0	0	0	0	0	0	0	0
d72739d0f16066fc955573fb2c60ca3b	12	0	0	0	0	0	0	0	0	0	0	0	0	0	0	0	0	0	0	0	0	0	0	0	0	0	0	0	0	0	0	0
9c0d792ceaa1db4692dbbdeb65b4d014	0	0	0	0	0	0	0	0	0	0	0	0	12	0	0	0	0	0	0	0	0	0	0	0	0	0	0	0	0	0	0	0
ce30ac1d322062eed771274a1f3961d6	0	0	0	0	0	0	0	0	0	0	0	0	12	0	0	0	0	0	0	0	0	0	0	0	0	0	0	0	0	0	0	0
e4d15cf218d2133ed26c6fdd6154cbd5	0	12	0	0	0	0	0	0	0	0	0	0	0	0	0	0	0	0	0	0	0	0	0	0	0	0	0	0	0	0	0	0
fbd8dc88ecf973a8a2c574a611f99cea	0	0	12	0	0	0	0	0	0	0	0	0	0	0	0	0	0	0	0	0	0	0	0	0	0	0	0	0	0	0	0	0
76b11573ba1ec5355f30b4cc39f1298d	0	0	0	0	0	0	0	0	0	0	0	0	0	0	0	0	0	0	0	0	0	0	0	0	0	0	0	0	12	0	0	0
6d92ab250c9aa30285f7d7b31d0b8069	0	0	0	0	0	0	0	0	0	0	0	0	0	0	0	0	0	0	0	0	0	0	0	0	0	0	0	0	12	0	0	0
57215bcd7f641680c7b93980cd3c798a	0	0	0	0	0	0	0	0	0	0	0	0	0	0	0	0	0	0	0	0	0	0	0	0	0	0	0	0	12	0	0	0
61727ef99d48bf802ab6ab2cb46859c2	0	0	0	0	0	0	0	0	0	0	0	0	0	0	0	0	0	0	12	0	0	0	0	0	0	0	0	0	0	0	0	0
00ed06e37acbded9bd443171abcaf438	0	0	0	0	0	0	0	0	0	0	0	0	0	0	0	0	0	0	0	12	0	0	0	0	0	0	0	0	0	0	0	0
3a11cb5105915c9e5eabbba90c10ed37	0	0	0	0	0	0	0	0	0	0	0	0	0	0	0	0	0	0	0	12	0	0	0	0	0	0	0	0	0	0	0	0
94941171c3223a4902b701e5fa339c09	0	0	0	0	0	0	0	0	0	0	0	0	0	0	0	0	0	0	0	0	0	0	0	0	0	0	0	0	0	0	12	0
60494543ab5926341c5dcd7136bf2023	0	0	0	0	0	0	0	0	0	0	0	0	0	0	0	0	0	0	0	0	0	0	0	0	0	0	0	0	0	0	12	0
c51a808ac6c4b86ca28bb2935a0ab06b	0	0	0	0	0	0	0	0	0	0	0	0	0	0	0	0	0	0	0	0	0	0	0	0	0	0	0	0	0	0	0	12
064710ec80acbf7f01a6866758fe5181	0	0	0	0	0	0	0	11	0	0	0	0	0	0	0	0	0	0	0	0	0	0	0	0	0	0	0	0	0	0	0	0
108461c8cf0084199e80d925f319abcd	0	0	0	0	0	0	0	0	0	0	11	0	0	0	0	0	0	0	0	0	0	0	0	0	0	0	0	0	0	0	0	0
4879a4dfa928efb6f7959aab0478e21e	0	0	0	0	0	0	0	0	0	0	11	0	0	0	0	0	0	0	0	0	0	0	0	0	0	0	0	0	0	0	0	0
51dbd3d93881ce8448e4f5adc5289eb3	0	0	0	0	0	0	0	0	0	0	0	11	0	0	0	0	0	0	0	0	0	0	0	0	0	0	0	0	0	0	0	0
4024086496562349c400983a429cbe89	0	0	0	0	0	0	0	0	0	0	0	11	0	0	0	0	0	0	0	0	0	0	0	0	0	0	0	0	0	0	0	0
947f084134cc9e62d6a67671097d739c	11	0	0	0	0	0	0	0	0	0	0	0	0	0	0	0	0	0	0	0	0	0	0	0	0	0	0	0	0	0	0	0
d765f9dfff4027757f3845c7fdd81ed3	11	0	0	0	0	0	0	0	0	0	0	0	0	0	0	0	0	0	0	0	0	0	0	0	0	0	0	0	0	0	0	0
a4de9105a9f5765bdbf6ed52dc2da346	11	0	0	0	0	0	0	0	0	0	0	0	0	0	0	0	0	0	0	0	0	0	0	0	0	0	0	0	0	0	0	0
9836eb83139cc49bb23f33bec45d31f1	0	0	0	0	0	0	0	0	0	0	0	0	0	0	0	11	0	0	0	0	0	0	0	0	0	0	0	0	0	0	0	0
f48edb568d5cf0174b13028319f75a1d	0	11	0	0	0	0	0	0	0	0	0	0	0	0	0	0	0	0	0	0	0	0	0	0	0	0	0	0	0	0	0	0
a62c62530eb94bb400b02e1a2a3805bb	0	0	0	0	0	0	0	0	0	0	0	0	0	11	0	0	0	0	0	0	0	0	0	0	0	0	0	0	0	0	0	0
e0b2c88a33c8458d20853b6b3a64a879	0	0	0	0	0	0	0	0	0	0	0	0	0	0	0	0	0	0	0	0	0	0	0	0	0	0	11	0	0	0	0	0
e9beee651b65cc4dad28cc6e71ff0543	0	0	0	0	0	0	0	0	0	0	0	0	0	0	11	0	0	0	0	0	0	0	0	0	0	0	0	0	0	0	0	0
d7963c264d0df70703b293d45621bc37	0	0	0	0	0	0	0	0	0	0	0	0	0	0	11	0	0	0	0	0	0	0	0	0	0	0	0	0	0	0	0	0
8d8216238acbfba23561fecfaad3d6ba	0	0	0	0	0	0	0	0	0	0	0	0	0	0	0	0	0	0	0	0	0	0	0	0	0	0	0	0	11	0	0	0
244b76602e8cec9d7f089e69d47172da	0	0	0	0	0	0	0	0	0	0	0	0	0	0	0	0	0	11	0	0	0	0	0	0	0	0	0	0	0	0	0	0
8719fd17d472742fd5ac2f954de8dd95	0	0	0	0	0	0	0	0	0	0	0	0	0	0	0	0	0	0	0	0	0	0	0	0	0	0	0	0	0	11	0	0
01303cf7ad6d31399fc82e1fea898dac	0	0	0	0	0	0	0	0	0	0	0	0	0	0	0	0	0	0	11	0	0	0	0	0	0	0	0	0	0	0	0	0
50c70aeeb16a524e4dc10053de6aa2c6	0	0	0	0	0	0	0	0	0	0	0	0	0	0	0	0	0	0	0	11	0	0	0	0	0	0	0	0	0	0	0	0
0cde3b17901fb0f5708a4968d3a2cd64	0	0	0	0	0	0	0	0	0	0	0	0	0	0	0	0	0	0	0	0	0	0	0	0	0	0	0	0	0	0	0	11
e14ffe455bf1bdf64d8a268380dcb1d3	0	0	0	0	0	0	0	0	10	0	0	0	0	0	0	0	0	0	0	0	0	0	0	0	0	0	0	0	0	0	0	0
249a01df973b0f51415606f2d08e840d	0	0	0	0	0	0	0	0	10	0	0	0	0	0	0	0	0	0	0	0	0	0	0	0	0	0	0	0	0	0	0	0
37c7761fdb96f886de4e8d589d1b9610	0	0	0	0	0	0	0	0	6	0	0	0	0	0	0	0	0	0	0	0	0	0	0	0	0	4	0	0	0	0	0	0
633b80c38e01a865d8faf771f0956b43	0	0	0	0	0	0	0	0	0	0	0	0	0	0	0	0	0	0	0	0	0	0	10	0	0	0	0	0	0	0	0	0
ed210261d6a8a9f41a985134e8f94497	0	0	0	0	0	0	0	0	0	0	0	0	0	0	0	0	0	0	0	0	0	0	0	10	0	0	0	0	0	0	0	0
1db65128277811cf2c4dac5e44abd3be	0	0	0	0	0	0	0	0	0	0	0	0	0	0	0	0	0	0	0	0	0	0	0	0	10	0	0	0	0	0	0	0
ba115698a2c5f6a54be6cd4f63406b37	0	0	0	0	0	0	0	0	0	0	10	0	0	0	0	0	0	0	0	0	0	0	0	0	0	0	0	0	0	0	0	0
6d111716e2b747a33902dfb7d3ebc14e	10	0	0	0	0	0	0	0	0	0	0	0	0	0	0	0	0	0	0	0	0	0	0	0	0	0	0	0	0	0	0	0
43c0d75f5cfbfda616e447a45b0bb032	0	0	0	0	0	0	0	0	0	0	0	0	0	0	0	0	0	0	0	0	0	0	0	0	0	10	0	0	0	0	0	0
34cb33f82166da0e6890586fae1f4237	0	0	0	0	0	0	0	0	0	0	0	0	0	0	0	10	0	0	0	0	0	0	0	0	0	0	0	0	0	0	0	0
0d4c70df2987693b0bd598c2d77f2e1c	0	0	0	0	0	0	0	0	0	0	0	0	0	10	0	0	0	0	0	0	0	0	0	0	0	0	0	0	0	0	0	0
bb4bde0ccc2899bb73c459a560da992b	0	0	0	4	0	0	0	0	0	0	0	0	0	0	6	0	0	0	0	0	0	0	0	0	0	0	0	0	0	0	0	0
37697aa5569727ffbde2a908c6f53caa	0	0	10	0	0	0	0	0	0	0	0	0	0	0	0	0	0	0	0	0	0	0	0	0	0	0	0	0	0	0	0	0
533e8343aa7c9a7a26545994fdc54345	0	0	0	0	0	0	0	0	0	0	0	0	0	0	0	0	0	0	0	0	0	0	0	0	0	0	0	0	10	0	0	0
d08cf38231e9f054c43761aeb6f6707b	0	0	0	0	0	0	0	0	0	0	0	0	0	0	0	0	0	0	0	0	0	0	0	0	0	0	0	0	10	0	0	0
e7e9226f93f71af8a72410f9faa385c3	0	0	0	0	0	10	0	0	0	0	0	0	0	0	0	0	0	0	0	0	0	0	0	0	0	0	0	0	0	0	0	0
025b38484bee516a84705da3d5a73e57	0	0	0	0	0	0	0	0	0	0	0	0	0	0	0	0	0	0	10	0	0	0	0	0	0	0	0	0	0	0	0	0
b7e4157bf7347ef22eeac3731af018c9	0	0	0	0	0	0	0	0	0	0	0	0	0	0	0	0	0	0	0	10	0	0	0	0	0	0	0	0	0	0	0	0
625cc5dd906db2415d1138acc3a7a501	0	0	0	0	0	0	0	0	0	0	0	0	0	0	0	0	0	0	0	10	0	0	0	0	0	0	0	0	0	0	0	0
fbf093e6d549f13d3c20bca3fa700677	0	0	0	0	0	0	0	0	9	0	0	0	0	0	0	0	0	0	0	0	0	0	0	0	0	0	0	0	0	0	0	0
d53ed18890127e99a9b84f0dd29293b4	0	0	0	0	0	0	0	0	0	0	0	0	0	0	0	0	0	0	0	0	0	0	9	0	0	0	0	0	0	0	0	0
b5469e8a6e39961682e181929133a605	0	0	0	0	0	0	0	0	0	0	0	0	0	0	0	0	0	0	0	0	0	0	0	9	0	0	0	0	0	0	0	0
d2ad2921e70159a8eb4627be4054fdf4	0	0	0	0	0	0	0	0	0	9	0	0	0	0	0	0	0	0	0	0	0	0	0	0	0	0	0	0	0	0	0	0
7ecb1ab973e015a8877e228e725b5e5f	0	0	0	0	0	0	0	0	0	0	0	0	0	0	0	0	0	0	0	0	0	0	0	0	9	0	0	0	0	0	0	0
e65feb75960c3022b6e24c6df5254ed6	0	0	0	0	0	0	0	0	0	0	0	0	0	0	0	0	0	0	0	0	0	0	0	0	9	0	0	0	0	0	0	0
d70a7746d155cfcc8137c6c386e721a6	0	0	0	0	0	0	0	0	0	0	0	0	0	0	0	0	0	0	0	0	0	0	0	0	9	0	0	0	0	0	0	0
d0bfe6390fccb43252581f4b482f3e3c	0	0	0	0	0	0	0	0	0	0	9	0	0	0	0	0	0	0	0	0	0	0	0	0	0	0	0	0	0	0	0	0
a5350f87866c1223a6034599906b1179	0	0	0	0	0	0	0	0	0	0	9	0	0	0	0	0	0	0	0	0	0	0	0	0	0	0	0	0	0	0	0	0
15a447676575798db3cb6b5ea98923db	0	0	0	0	0	0	0	0	0	0	9	0	0	0	0	0	0	0	0	0	0	0	0	0	0	0	0	0	0	0	0	0
ce5470c20cb7726bad7449502323c42a	0	0	0	0	0	0	0	0	0	0	9	0	0	0	0	0	0	0	0	0	0	0	0	0	0	0	0	0	0	0	0	0
eda81ce8f48c502bf92476b0b442e8d0	9	0	0	0	0	0	0	0	0	0	0	0	0	0	0	0	0	0	0	0	0	0	0	0	0	0	0	0	0	0	0	0
6bc0f96b12f6a72b35422900dd3888af	9	0	0	0	0	0	0	0	0	0	0	0	0	0	0	0	0	0	0	0	0	0	0	0	0	0	0	0	0	0	0	0
df6eb30a0b797c0a05220b4716005ef9	0	0	0	0	0	0	0	0	0	0	0	0	9	0	0	0	0	0	0	0	0	0	0	0	0	0	0	0	0	0	0	0
643a14116e78c7e1c6be0f7e6d217511	0	0	0	0	0	0	0	0	0	0	0	0	9	0	0	0	0	0	0	0	0	0	0	0	0	0	0	0	0	0	0	0
f5e288b3aa70e1cae3d2d401af93694e	0	9	0	0	0	0	0	0	0	0	0	0	0	0	0	0	0	0	0	0	0	0	0	0	0	0	0	0	0	0	0	0
63716d1811b61522d29a72c4a920a517	0	9	0	0	0	0	0	0	0	0	0	0	0	0	0	0	0	0	0	0	0	0	0	0	0	0	0	0	0	0	0	0
173cbdfe091069399b3ee1dd57f74230	0	5	0	0	0	0	4	0	0	0	0	0	0	0	0	0	0	0	0	0	0	0	0	0	0	0	0	0	0	0	0	0
8400b3cb31f49c2a25d41964163d2b47	0	0	0	0	0	0	0	0	0	0	0	0	0	9	0	0	0	0	0	0	0	0	0	0	0	0	0	0	0	0	0	0
a8c535cae81f2d9ddabb4eb83ea18501	0	0	0	0	0	0	0	0	0	0	0	0	0	9	0	0	0	0	0	0	0	0	0	0	0	0	0	0	0	0	0	0
66113044cec106c8f6410fb4468d71eb	0	0	0	0	0	0	0	0	0	0	0	0	0	0	0	0	0	0	0	0	0	0	0	0	0	0	9	0	0	0	0	0
04017537d579c65b40962628ab023619	0	0	0	0	0	0	0	0	0	0	0	0	0	0	9	0	0	0	0	0	0	0	0	0	0	0	0	0	0	0	0	0
db9a29a3c37588992a1e6dab23fd8114	0	0	0	0	0	0	0	0	0	0	0	0	0	0	0	0	0	0	0	0	0	0	0	0	0	0	0	9	0	0	0	0
852d741ad5f95c70f7296f44661eeece	0	0	0	0	0	0	0	0	0	0	0	0	0	0	0	0	0	0	0	0	0	0	0	0	0	0	0	0	9	0	0	0
d8aa3c56497c10bcf55c2724aae97fb5	0	0	0	0	0	0	0	0	0	0	0	0	0	0	0	0	0	0	0	0	0	0	0	0	0	0	0	0	9	0	0	0
dcc44a189e5e8df883da080c78bacd2c	0	0	0	0	0	0	0	0	0	0	0	0	0	0	0	0	0	0	0	0	0	0	0	0	0	0	0	0	0	9	0	0
596e09ab0ea1982ccd56da2acd67d50c	0	0	0	0	0	0	0	8	0	0	0	0	0	0	0	0	0	0	0	0	0	0	0	0	0	0	0	0	0	0	0	0
3f0a76b85a059bcd8dbfd0129a4efd84	0	0	0	0	0	0	0	0	8	0	0	0	0	0	0	0	0	0	0	0	0	0	0	0	0	0	0	0	0	0	0	0
1eb455b0eae2b6cfca154921dcb12e40	0	0	0	0	0	0	0	0	0	0	0	0	0	0	0	0	0	0	0	0	0	0	0	8	0	0	0	0	0	0	0	0
b3fdef66dc932a3de7f7a3806d23e51e	0	0	0	0	0	0	0	0	0	0	8	0	0	0	0	0	0	0	0	0	0	0	0	0	0	0	0	0	0	0	0	0
e4564d7c85d4bd200c361d35c9aed0be	0	0	0	0	0	0	0	0	0	0	8	0	0	0	0	0	0	0	0	0	0	0	0	0	0	0	0	0	0	0	0	0
3376a5ea2b4da37c71a485bb08215123	0	0	0	0	0	0	0	0	0	0	0	0	0	0	0	0	0	0	0	0	8	0	0	0	0	0	0	0	0	0	0	0
62c167533e12a1f4d53fbe7298f3a987	8	0	0	0	0	0	0	0	0	0	0	0	0	0	0	0	0	0	0	0	0	0	0	0	0	0	0	0	0	0	0	0
29d3b56ae65bd7a15dd1f5c1ce9d89a6	8	0	0	0	0	0	0	0	0	0	0	0	0	0	0	0	0	0	0	0	0	0	0	0	0	0	0	0	0	0	0	0
25b44bf5f82a916683e7f381a2acad4d	8	0	0	0	0	0	0	0	0	0	0	0	0	0	0	0	0	0	0	0	0	0	0	0	0	0	0	0	0	0	0	0
2f24241aef57567b25061fad3b09c600	0	0	0	0	0	0	0	0	0	0	0	0	0	0	0	0	0	0	0	0	0	0	0	0	0	8	0	0	0	0	0	0
0f696f4a11c8c222a3adf014ac664bef	0	0	0	0	0	0	0	0	0	0	0	0	8	0	0	0	0	0	0	0	0	0	0	0	0	0	0	0	0	0	0	0
f0b06df3a1d70102f83b8abfe801138d	0	0	0	0	0	0	0	0	0	0	0	0	8	0	0	0	0	0	0	0	0	0	0	0	0	0	0	0	0	0	0	0
c8cb604d319543a9c131965eebbae4ff	0	8	0	0	0	0	0	0	0	0	0	0	0	0	0	0	0	0	0	0	0	0	0	0	0	0	0	0	0	0	0	0
f9991080383fd3aa92e42205b417c8b2	0	0	0	0	0	0	0	0	0	0	0	0	0	0	0	0	0	0	0	0	0	0	0	0	0	0	8	0	0	0	0	0
bd7f0c491c4b82b6bb12539462bfd6fb	0	0	8	0	0	0	0	0	0	0	0	0	0	0	0	0	0	0	0	0	0	0	0	0	0	0	0	0	0	0	0	0
9283fd63083f622d78ccc9aea7753e89	0	0	0	0	0	0	0	0	0	0	0	0	0	0	0	0	0	0	0	0	0	8	0	0	0	0	0	0	0	0	0	0
f499807c35a8014c0ce922b660d2f2fc	0	0	0	0	0	0	0	0	0	0	0	0	0	0	0	0	0	0	0	0	0	8	0	0	0	0	0	0	0	0	0	0
e69ea0a521268081d7e2ea27a5069024	0	0	0	0	0	0	0	0	0	0	0	0	0	0	0	0	8	0	0	0	0	0	0	0	0	0	0	0	0	0	0	0
0e4c3cf50dcae7d9723586ea9164add9	0	0	0	0	0	0	0	0	0	0	0	0	0	0	0	0	0	0	0	0	0	0	0	0	0	0	0	0	8	0	0	0
1e7e55f67dc0d25a963a5c91ba328dd6	0	0	0	0	0	0	0	0	0	0	0	0	0	0	0	0	0	0	0	0	0	0	0	0	0	0	0	0	8	0	0	0
9a913b65a9a8c4d9636cb3c4ea0981d5	0	0	0	0	0	0	0	0	0	0	0	0	0	0	0	0	0	8	0	0	0	0	0	0	0	0	0	0	0	0	0	0
e4f151057aabc8e2a7b13987037061c5	0	0	0	0	8	0	0	0	0	0	0	0	0	0	0	0	0	0	0	0	0	0	0	0	0	0	0	0	0	0	0	0
55f4680484871fcda4400deafa7fb33b	0	0	0	0	0	0	8	0	0	0	0	0	0	0	0	0	0	0	0	0	0	0	0	0	0	0	0	0	0	0	0	0
034a12696ab51377cb6708106c10c33d	0	0	0	0	0	0	8	0	0	0	0	0	0	0	0	0	0	0	0	0	0	0	0	0	0	0	0	0	0	0	0	0
546898b42a02e3ef8486d914fc27e163	0	0	0	0	0	0	0	0	0	0	0	0	0	0	0	0	0	0	0	0	0	0	0	0	0	0	0	0	0	0	8	0
dbd19c916ab439c7cf29b0f23f65d732	0	0	0	0	0	0	0	0	0	0	0	0	0	0	0	0	0	0	0	0	0	0	0	0	0	0	0	0	0	0	0	8
a4f136792e0131815bfaf362ac621410	0	0	0	0	0	0	0	7	0	0	0	0	0	0	0	0	0	0	0	0	0	0	0	0	0	0	0	0	0	0	0	0
2f76e21518f8ee0c092cda6b9e779175	0	0	0	0	0	0	0	7	0	0	0	0	0	0	0	0	0	0	0	0	0	0	0	0	0	0	0	0	0	0	0	0
88af00fd788c1441b78963ff25fb089f	0	0	0	0	0	0	0	0	0	0	7	0	0	0	0	0	0	0	0	0	0	0	0	0	0	0	0	0	0	0	0	0
8c63dcd2be002e8b58db84e00e2d3545	0	0	0	0	0	0	0	0	0	0	0	7	0	0	0	0	0	0	0	0	0	0	0	0	0	0	0	0	0	0	0	0
2bded349848909d0b23992d12e869350	7	0	0	0	0	0	0	0	0	0	0	0	0	0	0	0	0	0	0	0	0	0	0	0	0	0	0	0	0	0	0	0
eb53198324261119ba9f268b6b3ac763	0	0	0	0	0	0	0	0	0	0	0	0	0	0	0	7	0	0	0	0	0	0	0	0	0	0	0	0	0	0	0	0
f609a85c157aa00f035a8c2ff5c9c83f	0	0	0	0	0	0	0	0	0	0	0	0	0	0	0	7	0	0	0	0	0	0	0	0	0	0	0	0	0	0	0	0
7164738cc164975617904d12f2e917f7	0	0	0	0	0	0	0	0	0	0	0	0	7	0	0	0	0	0	0	0	0	0	0	0	0	0	0	0	0	0	0	0
5f5ecb636ab82fb2cb78055fedcc4ec3	0	0	0	0	0	0	0	0	0	0	0	0	7	0	0	0	0	0	0	0	0	0	0	0	0	0	0	0	0	0	0	0
a49d14fad5348d86ae37b62fe6840a0a	0	7	0	0	0	0	0	0	0	0	0	0	0	0	0	0	0	0	0	0	0	0	0	0	0	0	0	0	0	0	0	0
c8fb55d741ebb0f82d1f623487fa7450	0	0	0	0	0	0	0	0	0	0	0	0	0	7	0	0	0	0	0	0	0	0	0	0	0	0	0	0	0	0	0	0
979d51f22a85d730a4f2cb532bfba30f	0	0	0	0	0	0	0	0	0	0	0	0	0	7	0	0	0	0	0	0	0	0	0	0	0	0	0	0	0	0	0	0
b925b6b2f92fa685012ea2c968262113	0	0	7	0	0	0	0	0	0	0	0	0	0	0	0	0	0	0	0	0	0	0	0	0	0	0	0	0	0	0	0	0
f59098c5b60bf1bed258f7558ee62b00	0	0	0	0	0	0	0	0	0	0	0	0	0	0	0	0	0	0	0	0	0	0	0	0	0	0	0	7	0	0	0	0
d566124a94e637ca47ce95ecfd6a9375	0	0	0	0	0	0	0	0	0	0	0	0	0	0	0	0	0	0	0	0	0	0	0	0	0	0	0	0	7	0	0	0
09a644c4ede3ceb4108d2c4602b6de13	0	0	0	0	0	0	0	0	0	0	0	0	0	0	0	0	0	0	0	0	0	0	0	0	0	0	0	0	7	0	0	0
452fbb247d40f92209ab33cb8dc60290	0	0	0	0	0	0	0	0	0	0	0	0	0	0	0	0	0	0	0	0	0	0	0	0	0	0	0	0	7	0	0	0
ea7663c179b8e35e02b674d18be782a9	0	0	0	0	0	0	0	0	0	0	0	0	0	0	0	0	0	7	0	0	0	0	0	0	0	0	0	0	0	0	0	0
4a3f0f5a2388fbea17249de6190b74d3	0	0	0	0	0	0	0	0	0	0	0	0	0	0	0	0	0	7	0	0	0	0	0	0	0	0	0	0	0	0	0	0
ac083718a59d61c8fe8bb35e36c9520f	0	0	0	0	0	0	0	0	0	0	0	0	0	0	0	0	0	0	0	7	0	0	0	0	0	0	0	0	0	0	0	0
f9b9da26121749e78750ac2794e03a13	0	0	0	0	0	0	0	0	0	0	0	0	0	0	0	0	0	0	0	7	0	0	0	0	0	0	0	0	0	0	0	0
86f394cae580ec7f9221eacd642dff74	0	0	0	0	0	0	7	0	0	0	0	0	0	0	0	0	0	0	0	0	0	0	0	0	0	0	0	0	0	0	0	0
a254278d3d827638a651e43245aa9f73	0	0	0	0	0	0	7	0	0	0	0	0	0	0	0	0	0	0	0	0	0	0	0	0	0	0	0	0	0	0	0	0
4baad60837f72ff01d1d224eeb5e1421	0	0	0	0	0	0	0	6	0	0	0	0	0	0	0	0	0	0	0	0	0	0	0	0	0	0	0	0	0	0	0	0
186c61ff714b09b6ea7dd6e71388d146	0	0	0	0	0	0	0	6	0	0	0	0	0	0	0	0	0	0	0	0	0	0	0	0	0	0	0	0	0	0	0	0
67e851ccdf5815228b2e2023c976e62e	0	0	0	0	0	0	0	0	0	6	0	0	0	0	0	0	0	0	0	0	0	0	0	0	0	0	0	0	0	0	0	0
6fee6e08b0cf3b84bfa46b49c37b22d5	0	0	0	0	0	0	0	0	0	0	6	0	0	0	0	0	0	0	0	0	0	0	0	0	0	0	0	0	0	0	0	0
5e823e9f023376e285e60ab851f846ac	0	0	0	0	0	0	0	0	0	0	0	0	0	0	0	0	0	0	0	0	6	0	0	0	0	0	0	0	0	0	0	0
bd92c0eb262ebe01233875a92121be53	0	0	0	0	0	0	0	0	0	0	0	6	0	0	0	0	0	0	0	0	0	0	0	0	0	0	0	0	0	0	0	0
4d1b7af2a5d4b46bcf5a9de234bf8a9d	0	0	0	0	0	0	0	0	0	0	0	0	0	0	0	0	0	0	0	0	0	0	0	0	0	6	0	0	0	0	0	0
0276693015d6c7bff7c086b03fca1374	0	0	0	0	0	0	0	0	0	0	0	0	0	0	0	6	0	0	0	0	0	0	0	0	0	0	0	0	0	0	0	0
873849b494bfd6df55332e9acaefa1cd	0	0	0	0	0	0	0	0	0	0	0	0	6	0	0	0	0	0	0	0	0	0	0	0	0	0	0	0	0	0	0	0
166617b00a59dc49f1b55247aa214929	0	0	0	0	0	0	0	0	0	0	0	0	6	0	0	0	0	0	0	0	0	0	0	0	0	0	0	0	0	0	0	0
e5fd8477690139452ce96b95c2d397fd	0	0	6	0	0	0	0	0	0	0	0	0	0	0	0	0	0	0	0	0	0	0	0	0	0	0	0	0	0	0	0	0
391c5a4c437fccc0e3690a4986963501	0	0	6	0	0	0	0	0	0	0	0	0	0	0	0	0	0	0	0	0	0	0	0	0	0	0	0	0	0	0	0	0
f7c74ae8ba237267fafee0b17dd9e25b	0	0	0	0	0	0	0	0	0	0	0	0	0	0	0	0	0	0	0	0	0	0	0	0	0	0	0	6	0	0	0	0
15f1f1d0bd769303d3c625b64cc77cc0	0	0	0	0	0	0	0	0	0	0	0	0	0	0	0	0	6	0	0	0	0	0	0	0	0	0	0	0	0	0	0	0
6870f5413f9956f8d23fb656db694145	0	0	0	0	0	0	0	0	0	0	0	0	0	0	0	0	0	0	0	0	0	0	0	0	0	0	0	0	6	0	0	0
ff080a0c6f9585b6f334604d5e869b52	0	0	0	0	0	0	0	0	0	0	0	0	0	0	0	0	0	0	0	0	0	0	0	0	0	0	0	0	6	0	0	0
0c41d1a3ec16325386768ad6fbe4e4bc	0	0	0	0	0	0	0	0	0	0	0	0	0	0	0	0	0	0	0	0	0	0	0	0	0	0	0	0	6	0	0	0
757eeb7f3d9937da18cf31225eafbc35	0	0	0	0	0	0	0	0	0	0	0	0	0	0	0	0	0	6	0	0	0	0	0	0	0	0	0	0	0	0	0	0
c692628c9a1d5760d9b1e17b1277ffee	0	0	0	0	0	0	0	0	0	0	0	0	0	0	0	0	0	0	6	0	0	0	0	0	0	0	0	0	0	0	0	0
f59d08523bea5ac80f1c12ed06d462ee	0	0	0	0	0	0	0	0	0	0	0	0	0	0	0	0	0	0	0	6	0	0	0	0	0	0	0	0	0	0	0	0
2d53dfeb3702922b80398c97369f9d2c	0	0	0	0	0	0	0	0	0	0	0	0	0	0	0	0	0	0	0	6	0	0	0	0	0	0	0	0	0	0	0	0
50d93e7b095c86554f76cd00e03404c4	0	0	0	0	0	0	0	0	0	5	0	0	0	0	0	0	0	0	0	0	0	0	0	0	0	0	0	0	0	0	0	0
8c6e1b76396687aa02d7f6e2ea35100c	0	0	0	0	0	0	0	0	0	5	0	0	0	0	0	0	0	0	0	0	0	0	0	0	0	0	0	0	0	0	0	0
fdcbbdc4829d915bb50eb8a053ecd028	0	0	0	0	0	0	0	0	0	0	0	0	0	0	0	0	0	0	0	0	0	0	0	0	5	0	0	0	0	0	0	0
ed85b271168f923099279d2e666d2d5b	0	0	0	0	0	0	0	0	0	0	5	0	0	0	0	0	0	0	0	0	0	0	0	0	0	0	0	0	0	0	0	0
9b75d0120030190016a784d0b6d8c3cd	0	0	0	0	0	0	0	0	0	0	0	0	0	0	0	0	0	0	0	0	5	0	0	0	0	0	0	0	0	0	0	0
8655ce1e674637e210cd98343932b05c	0	0	0	0	0	0	0	0	0	0	0	0	0	0	0	0	0	0	0	0	5	0	0	0	0	0	0	0	0	0	0	0
1bd217d846b735612d18f56e5b7814fb	0	0	0	0	0	0	0	0	0	0	0	0	0	0	0	0	0	0	0	0	5	0	0	0	0	0	0	0	0	0	0	0
ca7896166e270b2d51e96e1110694dca	0	0	0	0	0	0	0	0	0	0	0	0	0	0	0	0	0	0	0	0	0	0	0	0	0	5	0	0	0	0	0	0
d46d9f2d63d4ae6a1c6a6f6380c5539c	0	0	0	0	0	0	0	0	0	0	0	0	0	0	0	5	0	0	0	0	0	0	0	0	0	0	0	0	0	0	0	0
162474cd0f67ff3a3f8206953d069efa	0	0	0	0	0	0	0	0	0	0	0	0	0	0	0	0	0	0	0	0	0	0	0	0	0	0	5	0	0	0	0	0
f86b1395aa493bec2fc7298897951883	0	0	0	0	0	0	0	0	0	0	0	0	0	0	0	0	0	0	0	0	0	0	0	0	0	0	5	0	0	0	0	0
2c4453f916fd51b2bb38068ec2e94d37	0	0	0	0	0	0	0	0	0	0	0	0	0	0	5	0	0	0	0	0	0	0	0	0	0	0	0	0	0	0	0	0
4cfd533cf3274038e494a17583531e7e	0	0	5	0	0	0	0	0	0	0	0	0	0	0	0	0	0	0	0	0	0	0	0	0	0	0	0	0	0	0	0	0
2705bd8fe4cc89e9e918f055f3a387a1	0	0	0	0	0	0	0	0	0	0	0	0	0	0	0	0	0	0	0	0	0	5	0	0	0	0	0	0	0	0	0	0
254849767544b794efd4fc58c69e2ae2	0	0	0	0	0	0	0	0	0	0	0	0	0	0	0	0	0	0	0	0	0	5	0	0	0	0	0	0	0	0	0	0
7ca095fd47d99dc951c6097a0bda509d	0	0	0	0	0	0	0	0	0	0	0	0	0	0	0	0	0	0	0	0	0	0	0	0	0	0	0	0	5	0	0	0
52cab9db3e7afce5c44f84b196b39aa6	0	0	0	0	0	0	0	0	0	0	0	0	0	0	0	0	0	0	0	0	0	0	0	0	0	0	0	0	5	0	0	0
d257b6c659811b3076492a92397efad0	0	0	0	0	0	0	0	0	0	0	0	0	0	0	0	0	0	0	0	0	0	0	0	0	0	0	0	0	5	0	0	0
f157deb2fed8771c212267e3b01a815a	0	0	0	0	0	0	0	0	0	0	0	0	0	0	0	0	0	0	0	0	0	0	0	0	0	0	0	0	5	0	0	0
8871681350e7701879288f957aeca34a	0	0	0	0	0	0	0	0	0	0	0	0	0	0	0	0	0	0	0	0	0	0	0	0	0	0	0	0	5	0	0	0
c68c59b0ece0d9b363e12e3d37773c27	0	0	0	0	0	0	0	0	0	0	0	0	0	0	0	0	0	0	0	0	0	0	0	0	0	0	0	0	5	0	0	0
a89eed91e95f1ab02ccafd41964cde60	0	0	0	0	0	0	0	0	0	0	0	0	0	0	0	0	0	0	0	0	0	0	0	0	0	0	0	0	5	0	0	0
c43b29b87eec6ed3a69c50260433b1e6	0	0	0	0	0	0	0	0	0	0	0	0	0	0	0	0	0	0	0	5	0	0	0	0	0	0	0	0	0	0	0	0
769463331074ffede88bc7dc9112fc53	0	0	0	0	0	0	0	0	0	0	0	0	0	0	0	0	0	0	0	5	0	0	0	0	0	0	0	0	0	0	0	0
d46d94825111a59a32a02b93a99ab34c	0	0	0	0	5	0	0	0	0	0	0	0	0	0	0	0	0	0	0	0	0	0	0	0	0	0	0	0	0	0	0	0
decf91bd79fb317fe0b6a3231a69c8b9	0	0	0	0	0	0	5	0	0	0	0	0	0	0	0	0	0	0	0	0	0	0	0	0	0	0	0	0	0	0	0	0
b29ac22a9734a4ff4efda18c649441d2	0	0	0	0	0	0	0	0	4	0	0	0	0	0	0	0	0	0	0	0	0	0	0	0	0	0	0	0	0	0	0	0
5634fb8e877ee5629e4cc1479866f174	0	0	0	0	0	0	0	0	0	0	0	0	0	0	0	0	0	0	0	0	0	0	4	0	0	0	0	0	0	0	0	0
9d6883a63dc68b3f09cc3fc8f1d38e5d	0	0	0	0	0	0	0	0	0	0	0	0	0	0	0	0	0	0	0	0	0	0	4	0	0	0	0	0	0	0	0	0
eb722f28e283a884ce448b98b7db7dbe	0	0	0	0	0	0	0	0	0	0	0	0	0	0	0	0	0	0	0	0	0	0	0	0	4	0	0	0	0	0	0	0
348cfd4241d4c98069f6b7838c796c82	0	0	0	0	0	0	0	0	0	0	0	0	0	0	0	0	0	0	0	0	0	0	0	0	4	0	0	0	0	0	0	0
856925f916eba95f669698c572f88d93	0	0	0	0	0	0	0	0	0	0	0	4	0	0	0	0	0	0	0	0	0	0	0	0	0	0	0	0	0	0	0	0
7de446f9271a0332e318f10102c55a85	4	0	0	0	0	0	0	0	0	0	0	0	0	0	0	0	0	0	0	0	0	0	0	0	0	0	0	0	0	0	0	0
29c90fec1b9b0bab65ab2b547afc9544	0	0	0	0	0	0	0	0	0	0	0	0	0	0	0	0	0	0	0	0	0	0	0	0	0	4	0	0	0	0	0	0
db1d2fb054b476d8afac3b1410952283	0	4	0	0	0	0	0	0	0	0	0	0	0	0	0	0	0	0	0	0	0	0	0	0	0	0	0	0	0	0	0	0
eae43f535cd5a99dc4ebdb08fd487918	0	0	0	0	0	0	0	0	0	0	0	0	0	0	0	0	0	0	0	0	0	0	0	0	0	0	4	0	0	0	0	0
387f1a6869cead7719aab43b56d6d7ac	0	0	0	0	0	0	0	0	0	0	0	0	0	0	0	0	0	0	0	0	0	0	0	0	0	0	4	0	0	0	0	0
31d0f80b26bd75eb36df7df0c307b901	0	0	0	0	0	0	0	0	0	0	0	0	0	0	0	0	0	0	0	0	0	0	0	0	0	0	4	0	0	0	0	0
c5e3a7f916e1e2617146f49cb65718a3	0	0	4	0	0	0	0	0	0	0	0	0	0	0	0	0	0	0	0	0	0	0	0	0	0	0	0	0	0	0	0	0
01e1a4e87afe8b100eec309f2a6cb5ea	0	0	4	0	0	0	0	0	0	0	0	0	0	0	0	0	0	0	0	0	0	0	0	0	0	0	0	0	0	0	0	0
7fa15988121475e5c9c1c66c25cc0cc1	0	0	0	0	0	0	0	0	0	0	0	0	0	0	0	0	0	0	0	0	0	0	0	0	0	0	0	0	4	0	0	0
6630c494737dc4c24a5d46f447812048	0	0	0	0	0	0	0	0	0	0	0	0	0	0	0	0	0	4	0	0	0	0	0	0	0	0	0	0	0	0	0	0
601edb3f96f2a569b7045c5a0bf53921	0	0	0	0	0	0	0	0	0	0	0	0	0	0	0	0	0	0	0	0	0	0	0	0	0	0	0	0	0	4	0	0
b84bd90ec5dd1cd2c274855958659256	0	0	0	0	0	0	0	0	0	0	0	0	0	0	0	0	0	0	0	0	0	0	0	0	0	0	0	0	0	4	0	0
f1f3272f76451d47b2806d7e5d121a21	0	0	0	0	0	0	0	0	0	0	0	0	0	0	0	0	0	0	4	0	0	0	0	0	0	0	0	0	0	0	0	0
7fa01d77fadfecffeb09b6780b2f8e22	0	0	0	0	0	0	0	0	0	0	0	0	0	0	0	0	0	0	4	0	0	0	0	0	0	0	0	0	0	0	0	0
5e392c20ca60aceeb7b980915975e899	0	0	0	0	0	0	4	0	0	0	0	0	0	0	0	0	0	0	0	0	0	0	0	0	0	0	0	0	0	0	0	0
64bd2d3dc6aa88177b2c1075e3e6346a	0	0	0	0	0	0	0	3	0	0	0	0	0	0	0	0	0	0	0	0	0	0	0	0	0	0	0	0	0	0	0	0
41cd01f156eb3fb750cf941fe45a0a61	0	0	0	0	0	0	0	0	3	0	0	0	0	0	0	0	0	0	0	0	0	0	0	0	0	0	0	0	0	0	0	0
5962c8a60872d407da2d9770bec34400	0	0	0	0	0	0	0	0	3	0	0	0	0	0	0	0	0	0	0	0	0	0	0	0	0	0	0	0	0	0	0	0
35abb5cfecb469296ae5b04d393b126d	0	0	0	0	0	0	0	0	3	0	0	0	0	0	0	0	0	0	0	0	0	0	0	0	0	0	0	0	0	0	0	0
30cbe610a0551d6a2ba9d9183bb98ba4	0	0	0	0	0	0	0	0	0	3	0	0	0	0	0	0	0	0	0	0	0	0	0	0	0	0	0	0	0	0	0	0
a31a8957701c0d7d37af4bb52ba834c2	0	0	0	0	0	0	0	0	0	0	0	0	0	0	0	0	0	0	0	0	0	0	0	0	3	0	0	0	0	0	0	0
d81354216c6dbb9198c620f5a5462990	0	0	0	0	0	0	0	0	0	0	0	0	0	0	0	0	0	0	0	0	0	0	0	0	3	0	0	0	0	0	0	0
e6ba5d2b0a565ee26053064e67a3bc61	0	0	0	0	0	0	0	0	0	0	3	0	0	0	0	0	0	0	0	0	0	0	0	0	0	0	0	0	0	0	0	0
781eff7dcbe2d422e5ea970756745af8	0	0	0	0	0	0	0	0	0	0	0	3	0	0	0	0	0	0	0	0	0	0	0	0	0	0	0	0	0	0	0	0
beac4d02811872f012468789af676f59	0	0	0	0	0	0	0	0	0	0	0	0	3	0	0	0	0	0	0	0	0	0	0	0	0	0	0	0	0	0	0	0
3e2c80825f4f29fe268f2561a481ab52	0	3	0	0	0	0	0	0	0	0	0	0	0	0	0	0	0	0	0	0	0	0	0	0	0	0	0	0	0	0	0	0
16fd0ef354d4703d9639416fee43e0be	0	0	0	0	0	0	0	0	0	0	0	0	0	0	0	0	0	0	0	0	0	0	0	0	0	0	0	0	3	0	0	0
881fb8b37619b5c7ba77b1d568765bbb	0	0	0	0	0	0	0	0	0	0	0	0	0	0	0	0	0	0	0	0	0	0	0	0	0	0	0	0	3	0	0	0
18278bdb0631e8953d464ec452547b17	0	0	0	0	0	0	0	0	0	0	0	0	0	0	0	0	0	0	0	0	0	0	0	0	0	0	0	0	3	0	0	0
94dc4af52aeddbcc28f1a28066b62d1e	0	0	0	0	0	0	0	0	0	0	0	0	0	0	0	0	0	0	0	0	0	0	0	0	0	0	0	0	3	0	0	0
87efae5cefb2c548b36976401b888f98	0	0	0	0	0	0	0	0	0	0	0	0	0	0	0	0	0	0	0	0	0	0	0	0	0	0	0	0	3	0	0	0
c6258c7cddf24032cd6de9e88f6e3e93	0	0	0	0	0	0	0	0	0	0	0	0	0	0	0	0	0	0	0	0	0	0	0	0	0	0	0	0	3	0	0	0
e1998841a5dc7cae1b86538f1eec14af	0	0	0	0	1	0	0	0	0	0	0	0	0	0	0	0	0	0	0	1	0	0	0	0	0	0	0	0	1	0	0	0
99f69bd2b53feabc03d28aa8d1c5d56d	0	0	0	0	0	0	0	0	0	0	0	0	0	0	0	0	0	3	0	0	0	0	0	0	0	0	0	0	0	0	0	0
d74dada78e25e544f1c97d1c40a691e3	0	0	0	0	0	0	0	0	0	0	0	0	0	0	0	0	0	3	0	0	0	0	0	0	0	0	0	0	0	0	0	0
6a577cfa684dbd065e96f14be8df11ab	0	0	0	0	3	0	0	0	0	0	0	0	0	0	0	0	0	0	0	0	0	0	0	0	0	0	0	0	0	0	0	0
6d2a9f0c2b30d824012d39ca961cc10e	0	0	0	0	0	0	3	0	0	0	0	0	0	0	0	0	0	0	0	0	0	0	0	0	0	0	0	0	0	0	0	0
d5dfb992b99e028d7ef113c14e952b74	0	0	0	0	0	0	0	0	0	0	0	0	0	0	0	0	0	0	0	0	0	0	0	0	0	0	0	0	0	0	3	0
614f8fdfedf7893e2f7779118172007c	0	0	0	0	0	0	0	0	0	0	0	0	0	0	0	0	0	0	0	0	0	0	0	2	0	0	0	0	0	0	0	0
ddef73285d16268fdaeac891e1186bbe	0	0	0	0	0	0	0	0	0	0	0	0	0	0	0	0	0	0	0	0	0	0	0	2	0	0	0	0	0	0	0	0
810219ec2d364617982266d98276c89d	0	0	0	0	0	0	0	0	0	0	0	2	0	0	0	0	0	0	0	0	0	0	0	0	0	0	0	0	0	0	0	0
78851a74ff53af3dc8d11da705404f84	0	0	0	0	0	0	0	0	0	0	0	0	0	0	0	2	0	0	0	0	0	0	0	0	0	0	0	0	0	0	0	0
133f00089a10ab95cbecbb0932b3b85a	0	0	0	0	0	0	0	0	0	0	0	0	0	2	0	0	0	0	0	0	0	0	0	0	0	0	0	0	0	0	0	0
ee5232d9229e9d53fe4bcda470ae9d55	0	0	2	0	0	0	0	0	0	0	0	0	0	0	0	0	0	0	0	0	0	0	0	0	0	0	0	0	0	0	0	0
94db6c735f250d04fa21243dd7256828	0	0	0	0	0	0	0	0	0	0	0	0	0	0	0	0	0	0	0	0	0	0	0	0	0	0	0	0	2	0	0	0
b2206aa90dae87456029e5024c5716f2	0	0	0	0	0	0	0	0	0	0	0	0	0	0	0	0	0	0	0	0	0	0	0	0	0	0	0	0	2	0	0	0
4c5d129dac16118a922054d196c2694c	0	0	0	2	0	0	0	0	0	0	0	0	0	0	0	0	0	0	0	0	0	0	0	0	0	0	0	0	0	0	0	0
c6fbc8dc97cb504dbc97c2ecb28b5219	0	0	0	0	0	0	0	0	0	0	0	0	0	0	0	0	0	0	0	0	0	0	0	1	0	0	0	0	0	0	0	0
a4b8f1698afc23a320d4d448f951ac2f	0	0	1	0	0	0	0	0	0	0	0	0	0	0	0	0	0	0	0	0	0	0	0	0	0	0	0	0	0	0	0	0
ad67124ec283f44c858e4afa38bbc40e	0	0	0	0	0	0	0	0	0	0	0	0	0	0	0	0	0	0	0	0	0	0	0	0	0	0	0	1	0	0	0	0
7f1d0ed6ba93d7409eff89d4ea1d3399	0	0	0	0	0	0	0	0	0	0	0	0	0	0	0	0	0	0	0	0	0	0	0	0	0	0	0	0	1	0	0	0
1c5b757ec017d1e6bb9a28a03ed83a4d	0	0	0	0	0	0	1	0	0	0	0	0	0	0	0	0	0	0	0	0	0	0	0	0	0	0	0	0	0	0	0	0
7cafd58422d468517b77cf0d86c95cc6	0	0	0	0	0	0	1	0	0	0	0	0	0	0	0	0	0	0	0	0	0	0	0	0	0	0	0	0	0	0	0	0
